run_id,git_commit,dirty,scene,variant,loss_kind,mu,depth_band,band_nodes,band_visits_reference,changed_nodes,changed_visits_reference,changed_nodes_pct_of_band,changed_visits_pct_of_band,share_of_changed_visits,share_of_reference_visits,source
gatec_2026_09_02,ca4d67f,1,intel-sponza.obj,scalar_mu0.25,sah+Lscalar,0.2500,0-3,15,4421415,0,0,0.0000,0.0000,0.000000,0.125454,S-measured
gatec_2026_09_02,ca4d67f,1,intel-sponza.obj,scalar_mu0.25,sah+Lscalar,0.2500,4-7,240,10028375,5,1137461,2.0833,11.3424,0.292907,0.284547,S-measured
gatec_2026_09_02,ca4d67f,1,intel-sponza.obj,scalar_mu0.25,sah+Lscalar,0.2500,8-11,3800,11044126,180,1979431,4.7368,17.9229,0.509723,0.313369,S-measured
gatec_2026_09_02,ca4d67f,1,intel-sponza.obj,scalar_mu0.25,sah+Lscalar,0.2500,12-15,51312,4770491,3072,691824,5.9869,14.5022,0.178152,0.135359,S-measured
gatec_2026_09_02,ca4d67f,1,intel-sponza.obj,scalar_mu0.25,sah+Lscalar,0.2500,16-23,4246456,4686205,107503,74271,2.5316,1.5849,0.019126,0.132967,S-measured
gatec_2026_09_02,ca4d67f,1,intel-sponza.obj,scalar_mu0.25,sah+Lscalar,0.2500,24-31,3192072,292642,20107,359,0.6299,0.1227,0.000092,0.008303,S-measured
gatec_2026_09_02,ca4d67f,1,intel-sponza.obj,scalar_mu0.50,sah+Lscalar,0.5000,0-3,15,4421415,0,0,0.0000,0.0000,0.000000,0.125454,S-measured
gatec_2026_09_02,ca4d67f,1,intel-sponza.obj,scalar_mu0.50,sah+Lscalar,0.5000,4-7,240,10028375,11,1452682,4.5833,14.4857,0.324217,0.284547,S-measured
gatec_2026_09_02,ca4d67f,1,intel-sponza.obj,scalar_mu0.50,sah+Lscalar,0.5000,8-11,3800,11044126,388,2160678,10.2105,19.5640,0.482231,0.313369,S-measured
gatec_2026_09_02,ca4d67f,1,intel-sponza.obj,scalar_mu0.50,sah+Lscalar,0.5000,12-15,51312,4770491,5137,729764,10.0113,15.2975,0.162872,0.135359,S-measured
gatec_2026_09_02,ca4d67f,1,intel-sponza.obj,scalar_mu0.50,sah+Lscalar,0.5000,16-23,4246456,4686205,175048,136894,4.1222,2.9212,0.030553,0.132967,S-measured
gatec_2026_09_02,ca4d67f,1,intel-sponza.obj,scalar_mu0.50,sah+Lscalar,0.5000,24-31,3192072,292642,32790,570,1.0272,0.1948,0.000127,0.008303,S-measured
gatec_2026_09_02,ca4d67f,1,intel-sponza.obj,scalar_mu1.00,sah+Lscalar,1.0000,0-3,15,4421415,2,78314,13.3333,1.7712,0.015168,0.125454,S-measured
gatec_2026_09_02,ca4d67f,1,intel-sponza.obj,scalar_mu1.00,sah+Lscalar,1.0000,4-7,240,10028375,50,2243031,20.8333,22.3668,0.434443,0.284547,S-measured
gatec_2026_09_02,ca4d67f,1,intel-sponza.obj,scalar_mu1.00,sah+Lscalar,1.0000,8-11,3800,11044126,657,2120090,17.2895,19.1965,0.410631,0.313369,S-measured
gatec_2026_09_02,ca4d67f,1,intel-sponza.obj,scalar_mu1.00,sah+Lscalar,1.0000,12-15,51312,4770491,7963,510009,15.5188,10.6909,0.098782,0.135359,S-measured
gatec_2026_09_02,ca4d67f,1,intel-sponza.obj,scalar_mu1.00,sah+Lscalar,1.0000,16-23,4246456,4686205,255211,210417,6.0100,4.4901,0.040755,0.132967,S-measured
gatec_2026_09_02,ca4d67f,1,intel-sponza.obj,scalar_mu1.00,sah+Lscalar,1.0000,24-31,3192072,292642,45738,1138,1.4329,0.3889,0.000220,0.008303,S-measured
gatec_2026_09_02,ca4d67f,1,intel-sponza.obj,scalar_mu2.00,sah+Lscalar,2.0000,0-3,15,4421415,2,78314,13.3333,1.7712,0.010375,0.125454,S-measured
gatec_2026_09_02,ca4d67f,1,intel-sponza.obj,scalar_mu2.00,sah+Lscalar,2.0000,4-7,240,10028375,58,4258708,24.1667,42.4666,0.564199,0.284547,S-measured
gatec_2026_09_02,ca4d67f,1,intel-sponza.obj,scalar_mu2.00,sah+Lscalar,2.0000,8-11,3800,11044126,877,1915763,23.0789,17.3464,0.253803,0.313369,S-measured
gatec_2026_09_02,ca4d67f,1,intel-sponza.obj,scalar_mu2.00,sah+Lscalar,2.0000,12-15,51312,4770491,10449,828641,20.3637,17.3701,0.109779,0.135359,S-measured
gatec_2026_09_02,ca4d67f,1,intel-sponza.obj,scalar_mu2.00,sah+Lscalar,2.0000,16-23,4246456,4686205,327930,465477,7.7224,9.9329,0.061667,0.132967,S-measured
gatec_2026_09_02,ca4d67f,1,intel-sponza.obj,scalar_mu2.00,sah+Lscalar,2.0000,24-31,3192072,292642,59277,1336,1.8570,0.4565,0.000177,0.008303,S-measured
gatec_2026_09_02,ca4d67f,1,intel-sponza.obj,directional_mu0.25,sah+Ldir,0.2500,0-3,15,4421415,0,0,0.0000,0.0000,0.000000,0.125454,S-measured
gatec_2026_09_02,ca4d67f,1,intel-sponza.obj,directional_mu0.25,sah+Ldir,0.2500,4-7,240,10028375,7,315221,2.9167,3.1433,0.391760,0.284547,S-measured
gatec_2026_09_02,ca4d67f,1,intel-sponza.obj,directional_mu0.25,sah+Ldir,0.2500,8-11,3800,11044126,197,53077,5.1842,0.4806,0.065965,0.313369,S-measured
gatec_2026_09_02,ca4d67f,1,intel-sponza.obj,directional_mu0.25,sah+Ldir,0.2500,12-15,51312,4770491,3250,340655,6.3338,7.1409,0.423370,0.135359,S-measured
gatec_2026_09_02,ca4d67f,1,intel-sponza.obj,directional_mu0.25,sah+Ldir,0.2500,16-23,4246456,4686205,119503,95340,2.8142,2.0345,0.118490,0.132967,S-measured
gatec_2026_09_02,ca4d67f,1,intel-sponza.obj,directional_mu0.25,sah+Ldir,0.2500,24-31,3192072,292642,21521,335,0.6742,0.1145,0.000416,0.008303,S-measured
gatec_2026_09_02,ca4d67f,1,intel-sponza.obj,directional_mu0.50,sah+Ldir,0.5000,0-3,15,4421415,0,0,0.0000,0.0000,0.000000,0.125454,S-measured
gatec_2026_09_02,ca4d67f,1,intel-sponza.obj,directional_mu0.50,sah+Ldir,0.5000,4-7,240,10028375,12,315221,5.0000,3.1433,0.220952,0.284547,S-measured
gatec_2026_09_02,ca4d67f,1,intel-sponza.obj,directional_mu0.50,sah+Ldir,0.5000,8-11,3800,11044126,376,499688,9.8947,4.5245,0.350253,0.313369,S-measured
gatec_2026_09_02,ca4d67f,1,intel-sponza.obj,directional_mu0.50,sah+Ldir,0.5000,12-15,51312,4770491,5579,453171,10.8727,9.4995,0.317647,0.135359,S-measured
gatec_2026_09_02,ca4d67f,1,intel-sponza.obj,directional_mu0.50,sah+Ldir,0.5000,16-23,4246456,4686205,187692,157964,4.4200,3.3708,0.110724,0.132967,S-measured
gatec_2026_09_02,ca4d67f,1,intel-sponza.obj,directional_mu0.50,sah+Ldir,0.5000,24-31,3192072,292642,33374,604,1.0455,0.2064,0.000423,0.008303,S-measured
gatec_2026_09_02,ca4d67f,1,intel-sponza.obj,directional_mu1.00,sah+Ldir,1.0000,0-3,15,4421415,2,78314,13.3333,1.7712,0.014267,0.125454,S-measured
gatec_2026_09_02,ca4d67f,1,intel-sponza.obj,directional_mu1.00,sah+Ldir,1.0000,4-7,240,10028375,48,3022456,20.0000,30.1390,0.550621,0.284547,S-measured
gatec_2026_09_02,ca4d67f,1,intel-sponza.obj,directional_mu1.00,sah+Ldir,1.0000,8-11,3800,11044126,684,1572614,18.0000,14.2394,0.286493,0.313369,S-measured
gatec_2026_09_02,ca4d67f,1,intel-sponza.obj,directional_mu1.00,sah+Ldir,1.0000,12-15,51312,4770491,8674,591246,16.9044,12.3938,0.107711,0.135359,S-measured
gatec_2026_09_02,ca4d67f,1,intel-sponza.obj,directional_mu1.00,sah+Ldir,1.0000,16-23,4246456,4686205,276437,223710,6.5098,4.7738,0.040755,0.132967,S-measured
gatec_2026_09_02,ca4d67f,1,intel-sponza.obj,directional_mu1.00,sah+Ldir,1.0000,24-31,3192072,292642,49828,840,1.5610,0.2870,0.000153,0.008303,S-measured
gatec_2026_09_02,ca4d67f,1,intel-sponza.obj,directional_mu2.00,sah+Ldir,2.0000,0-3,15,4421415,3,288730,20.0000,6.5303,0.037439,0.125454,S-measured
gatec_2026_09_02,ca4d67f,1,intel-sponza.obj,directional_mu2.00,sah+Ldir,2.0000,4-7,240,10028375,74,3760295,30.8333,37.4966,0.487586,0.284547,S-measured
gatec_2026_09_02,ca4d67f,1,intel-sponza.obj,directional_mu2.00,sah+Ldir,2.0000,8-11,3800,11044126,895,2324362,23.5526,21.0461,0.301393,0.313369,S-measured
gatec_2026_09_02,ca4d67f,1,intel-sponza.obj,directional_mu2.00,sah+Ldir,2.0000,12-15,51312,4770491,11241,831195,21.9072,17.4237,0.107778,0.135359,S-measured
gatec_2026_09_02,ca4d67f,1,intel-sponza.obj,directional_mu2.00,sah+Ldir,2.0000,16-23,4246456,4686205,355217,506478,8.3650,10.8078,0.065673,0.132967,S-measured
gatec_2026_09_02,ca4d67f,1,intel-sponza.obj,directional_mu2.00,sah+Ldir,2.0000,24-31,3192072,292642,64726,1009,2.0277,0.3448,0.000131,0.008303,S-measured
gatec_2026_09_02,ca4d67f,1,hairball.obj,scalar_mu0.25,sah+Lscalar,0.2500,0-3,15,3645378,0,0,0.0000,0.0000,0.000000,0.035539,S-measured
gatec_2026_09_02,ca4d67f,1,hairball.obj,scalar_mu0.25,sah+Lscalar,0.2500,4-7,240,6318836,5,10947,2.0833,0.1732,0.001346,0.061603,S-measured
gatec_2026_09_02,ca4d67f,1,hairball.obj,scalar_mu0.25,sah+Lscalar,0.2500,8-11,3840,15315257,386,1836578,10.0521,11.9918,0.225773,0.149310,S-measured
gatec_2026_09_02,ca4d67f,1,hairball.obj,scalar_mu0.25,sah+Lscalar,0.2500,12-15,61438,26836306,6636,4377702,10.8011,16.3126,0.538156,0.261630,S-measured
gatec_2026_09_02,ca4d67f,1,hairball.obj,scalar_mu0.25,sah+Lscalar,0.2500,16-23,4844730,50110619,88519,1909399,1.8271,3.8104,0.234725,0.488534,S-measured
gatec_2026_09_02,ca4d67f,1,hairball.obj,scalar_mu0.25,sah+Lscalar,0.2500,24-31,849488,347066,1514,3,0.1782,0.0009,0.000000,0.003384,S-measured
gatec_2026_09_02,ca4d67f,1,hairball.obj,scalar_mu0.25,sah+Lscalar,0.2500,32+,248,0,1,0,0.4032,0.0000,0.000000,0.000000,S-measured
gatec_2026_09_02,ca4d67f,1,hairball.obj,scalar_mu0.50,sah+Lscalar,0.5000,0-3,15,3645378,0,0,0.0000,0.0000,0.000000,0.035539,S-measured
gatec_2026_09_02,ca4d67f,1,hairball.obj,scalar_mu0.50,sah+Lscalar,0.5000,4-7,240,6318836,23,505146,9.5833,7.9943,0.036184,0.061603,S-measured
gatec_2026_09_02,ca4d67f,1,hairball.obj,scalar_mu0.50,sah+Lscalar,0.5000,8-11,3840,15315257,767,3759868,19.9740,24.5498,0.269322,0.149310,S-measured
gatec_2026_09_02,ca4d67f,1,hairball.obj,scalar_mu0.50,sah+Lscalar,0.5000,12-15,61438,26836306,11153,7236194,18.1533,26.9642,0.518334,0.261630,S-measured
gatec_2026_09_02,ca4d67f,1,hairball.obj,scalar_mu0.50,sah+Lscalar,0.5000,16-23,4844730,50110619,143418,2459271,2.9603,4.9077,0.176159,0.488534,S-measured
gatec_2026_09_02,ca4d67f,1,hairball.obj,scalar_mu0.50,sah+Lscalar,0.5000,24-31,849488,347066,2258,3,0.2658,0.0009,0.000000,0.003384,S-measured
gatec_2026_09_02,ca4d67f,1,hairball.obj,scalar_mu0.50,sah+Lscalar,0.5000,32+,248,0,1,0,0.4032,0.0000,0.000000,0.000000,S-measured
gatec_2026_09_02,ca4d67f,1,hairball.obj,scalar_mu1.00,sah+Lscalar,1.0000,0-3,15,3645378,0,0,0.0000,0.0000,0.000000,0.035539,S-measured
gatec_2026_09_02,ca4d67f,1,hairball.obj,scalar_mu1.00,sah+Lscalar,1.0000,4-7,240,6318836,37,2019098,15.4167,31.9536,0.109469,0.061603,S-measured
gatec_2026_09_02,ca4d67f,1,hairball.obj,scalar_mu1.00,sah+Lscalar,1.0000,8-11,3840,15315257,1139,5998284,29.6615,39.1654,0.325207,0.149310,S-measured
gatec_2026_09_02,ca4d67f,1,hairball.obj,scalar_mu1.00,sah+Lscalar,1.0000,12-15,61438,26836306,15222,7493017,24.7762,27.9212,0.406246,0.261630,S-measured
gatec_2026_09_02,ca4d67f,1,hairball.obj,scalar_mu1.00,sah+Lscalar,1.0000,16-23,4844730,50110619,206013,2934108,4.2523,5.8553,0.159078,0.488534,S-measured
gatec_2026_09_02,ca4d67f,1,hairball.obj,scalar_mu1.00,sah+Lscalar,1.0000,24-31,849488,347066,2983,3,0.3512,0.0009,0.000000,0.003384,S-measured
gatec_2026_09_02,ca4d67f,1,hairball.obj,scalar_mu1.00,sah+Lscalar,1.0000,32+,248,0,1,0,0.4032,0.0000,0.000000,0.000000,S-measured
gatec_2026_09_02,ca4d67f,1,hairball.obj,scalar_mu2.00,sah+Lscalar,2.0000,0-3,15,3645378,0,0,0.0000,0.0000,0.000000,0.035539,S-measured
gatec_2026_09_02,ca4d67f,1,hairball.obj,scalar_mu2.00,sah+Lscalar,2.0000,4-7,240,6318836,50,2220484,20.8333,35.1407,0.110502,0.061603,S-measured
gatec_2026_09_02,ca4d67f,1,hairball.obj,scalar_mu2.00,sah+Lscalar,2.0000,8-11,3840,15315257,1354,5458701,35.2604,35.6422,0.271651,0.149310,S-measured
gatec_2026_09_02,ca4d67f,1,hairball.obj,scalar_mu2.00,sah+Lscalar,2.0000,12-15,61438,26836306,18009,9047539,29.3125,33.7138,0.450249,0.261630,S-measured
gatec_2026_09_02,ca4d67f,1,hairball.obj,scalar_mu2.00,sah+Lscalar,2.0000,16-23,4844730,50110619,253847,3367797,5.2397,6.7207,0.167598,0.488534,S-measured
gatec_2026_09_02,ca4d67f,1,hairball.obj,scalar_mu2.00,sah+Lscalar,2.0000,24-31,849488,347066,3493,3,0.4112,0.0009,0.000000,0.003384,S-measured
gatec_2026_09_02,ca4d67f,1,hairball.obj,scalar_mu2.00,sah+Lscalar,2.0000,32+,248,0,1,0,0.4032,0.0000,0.000000,0.000000,S-measured
gatec_2026_09_02,ca4d67f,1,hairball.obj,directional_mu0.25,sah+Ldir,0.2500,0-3,15,3645378,0,0,0.0000,0.0000,0.000000,0.035539,S-measured
gatec_2026_09_02,ca4d67f,1,hairball.obj,directional_mu0.25,sah+Ldir,0.2500,4-7,240,6318836,1,0,0.4167,0.0000,0.000000,0.061603,S-measured
gatec_2026_09_02,ca4d67f,1,hairball.obj,directional_mu0.25,sah+Ldir,0.2500,8-11,3840,15315257,344,2947853,8.9583,19.2478,0.379506,0.149310,S-measured
gatec_2026_09_02,ca4d67f,1,hairball.obj,directional_mu0.25,sah+Ldir,0.2500,12-15,61438,26836306,6611,3816309,10.7604,14.2207,0.491311,0.261630,S-measured
gatec_2026_09_02,ca4d67f,1,hairball.obj,directional_mu0.25,sah+Ldir,0.2500,16-23,4844730,50110619,106095,1003435,2.1899,2.0024,0.129182,0.488534,S-measured
gatec_2026_09_02,ca4d67f,1,hairball.obj,directional_mu0.25,sah+Ldir,0.2500,24-31,849488,347066,1932,3,0.2274,0.0009,0.000000,0.003384,S-measured
gatec_2026_09_02,ca4d67f,1,hairball.obj,directional_mu0.25,sah+Ldir,0.2500,32+,248,0,1,0,0.4032,0.0000,0.000000,0.000000,S-measured
gatec_2026_09_02,ca4d67f,1,hairball.obj,directional_mu0.50,sah+Ldir,0.5000,0-3,15,3645378,0,0,0.0000,0.0000,0.000000,0.035539,S-measured
gatec_2026_09_02,ca4d67f,1,hairball.obj,directional_mu0.50,sah+Ldir,0.5000,4-7,240,6318836,12,1060785,5.0000,16.7877,0.088159,0.061603,S-measured
gatec_2026_09_02,ca4d67f,1,hairball.obj,directional_mu0.50,sah+Ldir,0.5000,8-11,3840,15315257,605,3204303,15.7552,20.9223,0.266300,0.149310,S-measured
gatec_2026_09_02,ca4d67f,1,hairball.obj,directional_mu0.50,sah+Ldir,0.5000,12-15,61438,26836306,10852,5184403,17.6633,19.3186,0.430860,0.261630,S-measured
gatec_2026_09_02,ca4d67f,1,hairball.obj,directional_mu0.50,sah+Ldir,0.5000,16-23,4844730,50110619,177393,2583188,3.6616,5.1550,0.214681,0.488534,S-measured
gatec_2026_09_02,ca4d67f,1,hairball.obj,directional_mu0.50,sah+Ldir,0.5000,24-31,849488,347066,2775,3,0.3267,0.0009,0.000000,0.003384,S-measured
gatec_2026_09_02,ca4d67f,1,hairball.obj,directional_mu0.50,sah+Ldir,0.5000,32+,248,0,1,0,0.4032,0.0000,0.000000,0.000000,S-measured
gatec_2026_09_02,ca4d67f,1,hairball.obj,directional_mu1.00,sah+Ldir,1.0000,0-3,15,3645378,0,0,0.0000,0.0000,0.000000,0.035539,S-measured
gatec_2026_09_02,ca4d67f,1,hairball.obj,directional_mu1.00,sah+Ldir,1.0000,4-7,240,6318836,18,739113,7.5000,11.6970,0.043394,0.061603,S-measured
gatec_2026_09_02,ca4d67f,1,hairball.obj,directional_mu1.00,sah+Ldir,1.0000,8-11,3840,15315257,915,4262716,23.8281,27.8331,0.250270,0.149310,S-measured
gatec_2026_09_02,ca4d67f,1,hairball.obj,directional_mu1.00,sah+Ldir,1.0000,12-15,61438,26836306,15264,8091591,24.8446,30.1517,0.475068,0.261630,S-measured
gatec_2026_09_02,ca4d67f,1,hairball.obj,directional_mu1.00,sah+Ldir,1.0000,16-23,4844730,50110619,253856,3938971,5.2398,7.8606,0.231262,0.488534,S-measured
gatec_2026_09_02,ca4d67f,1,hairball.obj,directional_mu1.00,sah+Ldir,1.0000,24-31,849488,347066,3646,90,0.4292,0.0259,0.000005,0.003384,S-measured
gatec_2026_09_02,ca4d67f,1,hairball.obj,directional_mu1.00,sah+Ldir,1.0000,32+,248,0,1,0,0.4032,0.0000,0.000000,0.000000,S-measured
gatec_2026_09_02,ca4d67f,1,hairball.obj,directional_mu2.00,sah+Ldir,2.0000,0-3,15,3645378,0,0,0.0000,0.0000,0.000000,0.035539,S-measured
gatec_2026_09_02,ca4d67f,1,hairball.obj,directional_mu2.00,sah+Ldir,2.0000,4-7,240,6318836,43,1891752,17.9167,29.9383,0.090685,0.061603,S-measured
gatec_2026_09_02,ca4d67f,1,hairball.obj,directional_mu2.00,sah+Ldir,2.0000,8-11,3840,15315257,1153,5901920,30.0260,38.5362,0.282921,0.149310,S-measured
gatec_2026_09_02,ca4d67f,1,hairball.obj,directional_mu2.00,sah+Ldir,2.0000,12-15,61438,26836306,18644,8208820,30.3460,30.5885,0.393508,0.261630,S-measured
gatec_2026_09_02,ca4d67f,1,hairball.obj,directional_mu2.00,sah+Ldir,2.0000,16-23,4844730,50110619,317843,4858050,6.5606,9.6947,0.232881,0.488534,S-measured
gatec_2026_09_02,ca4d67f,1,hairball.obj,directional_mu2.00,sah+Ldir,2.0000,24-31,849488,347066,4430,90,0.5215,0.0259,0.000004,0.003384,S-measured
gatec_2026_09_02,ca4d67f,1,hairball.obj,directional_mu2.00,sah+Ldir,2.0000,32+,248,0,1,0,0.4032,0.0000,0.000000,0.000000,S-measured
gatec_2026_09_02,ca4d67f,1,san-miguel.obj,scalar_mu0.25,sah+Lscalar,0.2500,0-3,15,6855157,0,0,0.0000,0.0000,0.000000,0.150404,S-measured
gatec_2026_09_02,ca4d67f,1,san-miguel.obj,scalar_mu0.25,sah+Lscalar,0.2500,4-7,236,12733394,6,128638,2.5424,1.0102,0.068842,0.279374,S-measured
gatec_2026_09_02,ca4d67f,1,san-miguel.obj,scalar_mu0.25,sah+Lscalar,0.2500,8-11,3020,13178868,215,691586,7.1192,5.2477,0.370112,0.289148,S-measured
gatec_2026_09_02,ca4d67f,1,san-miguel.obj,scalar_mu0.25,sah+Lscalar,0.2500,12-15,36636,5698905,3068,766643,8.3743,13.4525,0.410280,0.125035,S-measured
gatec_2026_09_02,ca4d67f,1,san-miguel.obj,scalar_mu0.25,sah+Lscalar,0.2500,16-23,4003374,6076441,186293,272688,4.6534,4.4876,0.145933,0.133319,S-measured
gatec_2026_09_02,ca4d67f,1,san-miguel.obj,scalar_mu0.25,sah+Lscalar,0.2500,24-31,15222732,1035489,196693,9032,1.2921,0.8722,0.004834,0.022719,S-measured
gatec_2026_09_02,ca4d67f,1,san-miguel.obj,scalar_mu0.25,sah+Lscalar,0.2500,32+,677012,80,3754,0,0.5545,0.0000,0.000000,0.000002,S-measured
gatec_2026_09_02,ca4d67f,1,san-miguel.obj,scalar_mu0.50,sah+Lscalar,0.5000,0-3,15,6855157,0,0,0.0000,0.0000,0.000000,0.150404,S-measured
gatec_2026_09_02,ca4d67f,1,san-miguel.obj,scalar_mu0.50,sah+Lscalar,0.5000,4-7,236,12733394,17,129558,7.2034,1.0175,0.051376,0.279374,S-measured
gatec_2026_09_02,ca4d67f,1,san-miguel.obj,scalar_mu0.50,sah+Lscalar,0.5000,8-11,3020,13178868,381,928846,12.6159,7.0480,0.368329,0.289148,S-measured
gatec_2026_09_02,ca4d67f,1,san-miguel.obj,scalar_mu0.50,sah+Lscalar,0.5000,12-15,36636,5698905,4870,950600,13.2929,16.6804,0.376956,0.125035,S-measured
gatec_2026_09_02,ca4d67f,1,san-miguel.obj,scalar_mu0.50,sah+Lscalar,0.5000,16-23,4003374,6076441,284305,499424,7.1016,8.2190,0.198044,0.133319,S-measured
gatec_2026_09_02,ca4d67f,1,san-miguel.obj,scalar_mu0.50,sah+Lscalar,0.5000,24-31,15222732,1035489,303253,13353,1.9921,1.2895,0.005295,0.022719,S-measured
gatec_2026_09_02,ca4d67f,1,san-miguel.obj,scalar_mu0.50,sah+Lscalar,0.5000,32+,677012,80,5656,0,0.8354,0.0000,0.000000,0.000002,S-measured
gatec_2026_09_02,ca4d67f,1,san-miguel.obj,scalar_mu1.00,sah+Lscalar,1.0000,0-3,15,6855157,7,1850715,46.6667,26.9974,0.238018,0.150404,S-measured
gatec_2026_09_02,ca4d67f,1,san-miguel.obj,scalar_mu1.00,sah+Lscalar,1.0000,4-7,236,12733394,49,2064751,20.7627,16.2152,0.265545,0.279374,S-measured
gatec_2026_09_02,ca4d67f,1,san-miguel.obj,scalar_mu1.00,sah+Lscalar,1.0000,8-11,3020,13178868,578,2024391,19.1391,15.3609,0.260354,0.289148,S-measured
gatec_2026_09_02,ca4d67f,1,san-miguel.obj,scalar_mu1.00,sah+Lscalar,1.0000,12-15,36636,5698905,6636,1147860,18.1133,20.1418,0.147625,0.125035,S-measured
gatec_2026_09_02,ca4d67f,1,san-miguel.obj,scalar_mu1.00,sah+Lscalar,1.0000,16-23,4003374,6076441,383454,668756,9.5783,11.0057,0.086008,0.133319,S-measured
gatec_2026_09_02,ca4d67f,1,san-miguel.obj,scalar_mu1.00,sah+Lscalar,1.0000,24-31,15222732,1035489,417505,19054,2.7426,1.8401,0.002451,0.022719,S-measured
gatec_2026_09_02,ca4d67f,1,san-miguel.obj,scalar_mu1.00,sah+Lscalar,1.0000,32+,677012,80,7791,0,1.1508,0.0000,0.000000,0.000002,S-measured
gatec_2026_09_02,ca4d67f,1,san-miguel.obj,scalar_mu2.00,sah+Lscalar,2.0000,0-3,15,6855157,7,1850715,46.6667,26.9974,0.193004,0.150404,S-measured
gatec_2026_09_02,ca4d67f,1,san-miguel.obj,scalar_mu2.00,sah+Lscalar,2.0000,4-7,236,12733394,55,2885935,23.3051,22.6643,0.300963,0.279374,S-measured
gatec_2026_09_02,ca4d67f,1,san-miguel.obj,scalar_mu2.00,sah+Lscalar,2.0000,8-11,3020,13178868,737,2721166,24.4040,20.6479,0.283780,0.289148,S-measured
gatec_2026_09_02,ca4d67f,1,san-miguel.obj,scalar_mu2.00,sah+Lscalar,2.0000,12-15,36636,5698905,8244,1238006,22.5025,21.7236,0.129107,0.125035,S-measured
gatec_2026_09_02,ca4d67f,1,san-miguel.obj,scalar_mu2.00,sah+Lscalar,2.0000,16-23,4003374,6076441,477098,870605,11.9174,14.3275,0.090792,0.133319,S-measured
gatec_2026_09_02,ca4d67f,1,san-miguel.obj,scalar_mu2.00,sah+Lscalar,2.0000,24-31,15222732,1035489,526710,22574,3.4600,2.1800,0.002354,0.022719,S-measured
gatec_2026_09_02,ca4d67f,1,san-miguel.obj,scalar_mu2.00,sah+Lscalar,2.0000,32+,677012,80,9767,0,1.4427,0.0000,0.000000,0.000002,S-measured
gatec_2026_09_02,ca4d67f,1,san-miguel.obj,directional_mu0.25,sah+Ldir,0.2500,0-3,15,6855157,0,0,0.0000,0.0000,0.000000,0.150404,S-measured
gatec_2026_09_02,ca4d67f,1,san-miguel.obj,directional_mu0.25,sah+Ldir,0.2500,4-7,236,12733394,6,128638,2.5424,1.0102,0.155891,0.279374,S-measured
gatec_2026_09_02,ca4d67f,1,san-miguel.obj,directional_mu0.25,sah+Ldir,0.2500,8-11,3020,13178868,164,73157,5.4305,0.5551,0.088656,0.289148,S-measured
gatec_2026_09_02,ca4d67f,1,san-miguel.obj,directional_mu0.25,sah+Ldir,0.2500,12-15,36636,5698905,2493,366820,6.8048,6.4367,0.444533,0.125035,S-measured
gatec_2026_09_02,ca4d67f,1,san-miguel.obj,directional_mu0.25,sah+Ldir,0.2500,16-23,4003374,6076441,180856,247608,4.5176,4.0749,0.300065,0.133319,S-measured
gatec_2026_09_02,ca4d67f,1,san-miguel.obj,directional_mu0.25,sah+Ldir,0.2500,24-31,15222732,1035489,205422,8957,1.3494,0.8650,0.010855,0.022719,S-measured
gatec_2026_09_02,ca4d67f,1,san-miguel.obj,directional_mu0.25,sah+Ldir,0.2500,32+,677012,80,4069,0,0.6010,0.0000,0.000000,0.000002,S-measured
gatec_2026_09_02,ca4d67f,1,san-miguel.obj,directional_mu0.50,sah+Ldir,0.5000,0-3,15,6855157,0,0,0.0000,0.0000,0.000000,0.150404,S-measured
gatec_2026_09_02,ca4d67f,1,san-miguel.obj,directional_mu0.50,sah+Ldir,0.5000,4-7,236,12733394,12,129428,5.0847,1.0164,0.059716,0.279374,S-measured
gatec_2026_09_02,ca4d67f,1,san-miguel.obj,directional_mu0.50,sah+Ldir,0.5000,8-11,3020,13178868,324,621724,10.7285,4.7176,0.286853,0.289148,S-measured
gatec_2026_09_02,ca4d67f,1,san-miguel.obj,directional_mu0.50,sah+Ldir,0.5000,12-15,36636,5698905,4393,775823,11.9909,13.6135,0.357951,0.125035,S-measured
gatec_2026_09_02,ca4d67f,1,san-miguel.obj,directional_mu0.50,sah+Ldir,0.5000,16-23,4003374,6076441,293980,625021,7.3433,10.2860,0.288374,0.133319,S-measured
gatec_2026_09_02,ca4d67f,1,san-miguel.obj,directional_mu0.50,sah+Ldir,0.5000,24-31,15222732,1035489,331262,15402,2.1761,1.4874,0.007106,0.022719,S-measured
gatec_2026_09_02,ca4d67f,1,san-miguel.obj,directional_mu0.50,sah+Ldir,0.5000,32+,677012,80,6501,0,0.9602,0.0000,0.000000,0.000002,S-measured
gatec_2026_09_02,ca4d67f,1,san-miguel.obj,directional_mu1.00,sah+Ldir,1.0000,0-3,15,6855157,0,0,0.0000,0.0000,0.000000,0.150404,S-measured
gatec_2026_09_02,ca4d67f,1,san-miguel.obj,directional_mu1.00,sah+Ldir,1.0000,4-7,236,12733394,23,625147,9.7458,4.9095,0.211883,0.279374,S-measured
gatec_2026_09_02,ca4d67f,1,san-miguel.obj,directional_mu1.00,sah+Ldir,1.0000,8-11,3020,13178868,506,749204,16.7550,5.6849,0.253930,0.289148,S-measured
gatec_2026_09_02,ca4d67f,1,san-miguel.obj,directional_mu1.00,sah+Ldir,1.0000,12-15,36636,5698905,6442,772270,17.5838,13.5512,0.261748,0.125035,S-measured
gatec_2026_09_02,ca4d67f,1,san-miguel.obj,directional_mu1.00,sah+Ldir,1.0000,16-23,4003374,6076441,410189,785088,10.2461,12.9202,0.266092,0.133319,S-measured
gatec_2026_09_02,ca4d67f,1,san-miguel.obj,directional_mu1.00,sah+Ldir,1.0000,24-31,15222732,1035489,468134,18726,3.0752,1.8084,0.006347,0.022719,S-measured
gatec_2026_09_02,ca4d67f,1,san-miguel.obj,directional_mu1.00,sah+Ldir,1.0000,32+,677012,80,9106,0,1.3450,0.0000,0.000000,0.000002,S-measured
gatec_2026_09_02,ca4d67f,1,san-miguel.obj,directional_mu2.00,sah+Ldir,2.0000,0-3,15,6855157,0,0,0.0000,0.0000,0.000000,0.150404,S-measured
gatec_2026_09_02,ca4d67f,1,san-miguel.obj,directional_mu2.00,sah+Ldir,2.0000,4-7,236,12733394,38,1721102,16.1017,13.5164,0.290996,0.279374,S-measured
gatec_2026_09_02,ca4d67f,1,san-miguel.obj,directional_mu2.00,sah+Ldir,2.0000,8-11,3020,13178868,680,2181484,22.5166,16.5529,0.368835,0.289148,S-measured
gatec_2026_09_02,ca4d67f,1,san-miguel.obj,directional_mu2.00,sah+Ldir,2.0000,12-15,36636,5698905,8147,1058621,22.2377,18.5759,0.178987,0.125035,S-measured
gatec_2026_09_02,ca4d67f,1,san-miguel.obj,directional_mu2.00,sah+Ldir,2.0000,16-23,4003374,6076441,515539,928521,12.8776,15.2807,0.156990,0.133319,S-measured
gatec_2026_09_02,ca4d67f,1,san-miguel.obj,directional_mu2.00,sah+Ldir,2.0000,24-31,15222732,1035489,602543,24801,3.9582,2.3951,0.004193,0.022719,S-measured
gatec_2026_09_02,ca4d67f,1,san-miguel.obj,directional_mu2.00,sah+Ldir,2.0000,32+,677012,80,11399,0,1.6837,0.0000,0.000000,0.000002,S-measured
