run_id,git_commit,dirty,scene,triangles,view,matched_workload,rayset_hash,rays,variant,lambda,width,wide_nodes,wide_depth,changed_decisions,changed_decisions_pct,node_steps_per_ray,box_tests_per_ray,tri_tests_per_ray,node_steps_pct,box_tests_pct,tri_tests_pct,hits,correctness,mismatches,tie_ids,Wx,Wy,Wz,binary_nodes,binary_depth,source
w8_dir_2026_09_01,af0cb56,1,intel-sponza.obj,3746948,A,1,7892468007334305245,262144,baseline_sah,0.0000,8,4484656,14,0,0.0000,8.7538,61.0832,2.0877,0.000,0.000,0.000,262144,pass,0,0,0.878084,0.387540,0.206961,7493895,31,S-measured
w8_dir_2026_09_01,af0cb56,1,intel-sponza.obj,3746948,B,0,5800911088483664549,262144,baseline_sah,0.0000,8,4484656,14,0,0.0000,13.2132,96.2551,2.9919,0.000,0.000,0.000,262144,pass,0,0,0.878084,0.387540,0.206961,7493895,31,S-measured
w8_dir_2026_09_01,af0cb56,1,intel-sponza.obj,3746948,C,0,9821925013733564738,262144,baseline_sah,0.0000,8,4484656,14,0,0.0000,18.5776,140.2995,2.8903,0.000,0.000,0.000,262144,pass,0,0,0.878084,0.387540,0.206961,7493895,31,S-measured
w8_dir_2026_09_01,af0cb56,1,intel-sponza.obj,3746948,A,1,7892468007334305245,262144,directional,0.2500,8,4484961,14,201803,2.6929,8.7538,61.0832,2.0877,0.000,0.000,0.000,262144,pass,0,0,0.878084,0.387540,0.206961,7493895,31,S-measured
w8_dir_2026_09_01,af0cb56,1,intel-sponza.obj,3746948,B,0,5800911088483664549,262144,directional,0.2500,8,4484961,14,201803,2.6929,13.1977,96.1314,2.9918,-0.117,-0.129,-0.000,262144,pass,0,0,0.878084,0.387540,0.206961,7493895,31,S-measured
w8_dir_2026_09_01,af0cb56,1,intel-sponza.obj,3746948,C,0,9821925013733564738,262144,directional,0.2500,8,4484961,14,201803,2.6929,18.4488,139.2659,3.1165,-0.693,-0.737,7.825,262144,pass,0,0,0.878084,0.387540,0.206961,7493895,31,S-measured
w8_dir_2026_09_01,af0cb56,1,intel-sponza.obj,3746948,A,1,7892468007334305245,262144,directional,0.5000,8,4485991,14,330647,4.4122,7.8073,53.5103,2.0888,-10.812,-12.398,0.054,262144,pass,0,0,0.878084,0.387540,0.206961,7493895,31,S-measured
w8_dir_2026_09_01,af0cb56,1,intel-sponza.obj,3746948,B,0,5800911088483664549,262144,directional,0.5000,8,4485991,14,330647,4.4122,12.7798,92.9060,2.9918,-3.280,-3.479,-0.003,262144,pass,0,0,0.878084,0.387540,0.206961,7493895,31,S-measured
w8_dir_2026_09_01,af0cb56,1,intel-sponza.obj,3746948,C,0,9821925013733564738,262144,directional,0.5000,8,4485991,14,330647,4.4122,17.5265,131.8345,3.1190,-5.658,-6.034,7.913,262144,pass,0,0,0.878084,0.387540,0.206961,7493895,31,S-measured
w8_dir_2026_09_01,af0cb56,1,intel-sponza.obj,3746948,A,1,7892468007334305245,262144,directional,0.7500,8,4487766,14,418644,5.5865,7.7939,53.3842,2.0888,-10.965,-12.604,0.054,262144,pass,0,0,0.878084,0.387540,0.206961,7493895,31,S-measured
w8_dir_2026_09_01,af0cb56,1,intel-sponza.obj,3746948,B,0,5800911088483664549,262144,directional,0.7500,8,4487766,14,418644,5.5865,12.7812,92.9155,2.9916,-3.270,-3.470,-0.007,262144,pass,0,0,0.878084,0.387540,0.206961,7493895,31,S-measured
w8_dir_2026_09_01,af0cb56,1,intel-sponza.obj,3746948,C,0,9821925013733564738,262144,directional,0.7500,8,4487766,14,418644,5.5865,17.5547,131.5960,2.8893,-5.506,-6.204,-0.035,262144,pass,0,0,0.878084,0.387540,0.206961,7493895,31,S-measured
w8_dir_2026_09_01,af0cb56,1,intel-sponza.obj,3746948,A,1,7892468007334305245,262144,directional,1.0000,8,4490938,15,490586,6.5465,7.7631,53.2453,2.0888,-11.317,-12.831,0.054,262144,pass,0,0,0.878084,0.387540,0.206961,7493895,31,S-measured
w8_dir_2026_09_01,af0cb56,1,intel-sponza.obj,3746948,B,0,5800911088483664549,262144,directional,1.0000,8,4490938,15,490586,6.5465,12.8672,93.6034,2.9916,-2.618,-2.755,-0.007,262144,pass,0,0,0.878084,0.387540,0.206961,7493895,31,S-measured
w8_dir_2026_09_01,af0cb56,1,intel-sponza.obj,3746948,C,0,9821925013733564738,262144,directional,1.0000,8,4490938,15,490586,6.5465,18.4836,139.2746,2.8917,-0.506,-0.731,0.050,262144,pass,0,0,0.878084,0.387540,0.206961,7493895,31,S-measured
w8_dir_2026_09_01,af0cb56,1,bistro.obj,2829873,A,1,720141539300895366,262144,baseline_sah,0.0000,8,3401720,17,0,0.0000,24.5240,185.7121,10.8538,0.000,0.000,0.000,262144,pass,0,0,0.943879,0.123986,0.263190,5659745,35,S-measured
w8_dir_2026_09_01,af0cb56,1,bistro.obj,2829873,B,0,8545900294964112491,262144,baseline_sah,0.0000,8,3401720,17,0,0.0000,29.1388,216.4470,51.9604,0.000,0.000,0.000,261527,pass,0,0,0.943879,0.123986,0.263190,5659745,35,S-measured
w8_dir_2026_09_01,af0cb56,1,bistro.obj,2829873,C,0,3908305333063649661,262144,baseline_sah,0.0000,8,3401720,17,0,0.0000,35.1755,269.4495,15.8742,0.000,0.000,0.000,248171,pass,0,0,0.943879,0.123986,0.263190,5659745,35,S-measured
w8_dir_2026_09_01,af0cb56,1,bistro.obj,2829873,A,1,720141539300895366,262144,directional,0.2500,8,3403067,17,134469,2.3759,24.5002,185.5221,10.8501,-0.097,-0.102,-0.034,262144,pass,0,0,0.943879,0.123986,0.263190,5659745,35,S-measured
w8_dir_2026_09_01,af0cb56,1,bistro.obj,2829873,B,0,8545900294964112491,262144,directional,0.2500,8,3403067,17,134469,2.3759,29.1245,216.3031,51.9575,-0.049,-0.066,-0.006,261527,pass,0,0,0.943879,0.123986,0.263190,5659745,35,S-measured
w8_dir_2026_09_01,af0cb56,1,bistro.obj,2829873,C,0,3908305333063649661,262144,directional,0.2500,8,3403067,17,134469,2.3759,34.8729,267.0691,15.8514,-0.860,-0.883,-0.144,248171,pass,0,0,0.943879,0.123986,0.263190,5659745,35,S-measured
w8_dir_2026_09_01,af0cb56,1,bistro.obj,2829873,A,1,720141539300895366,262144,directional,0.5000,8,3405295,16,232077,4.1005,25.1687,190.9183,10.8024,2.629,2.803,-0.474,262144,pass,0,0,0.943879,0.123986,0.263190,5659745,35,S-measured
w8_dir_2026_09_01,af0cb56,1,bistro.obj,2829873,B,0,8545900294964112491,262144,directional,0.5000,8,3405295,16,232077,4.1005,28.7220,215.1126,51.9499,-1.430,-0.616,-0.020,261527,pass,0,0,0.943879,0.123986,0.263190,5659745,35,S-measured
w8_dir_2026_09_01,af0cb56,1,bistro.obj,2829873,C,0,3908305333063649661,262144,directional,0.5000,8,3405295,16,232077,4.1005,33.8834,259.2374,15.8649,-3.673,-3.790,-0.059,248171,pass,0,0,0.943879,0.123986,0.263190,5659745,35,S-measured
w8_dir_2026_09_01,af0cb56,1,bistro.obj,2829873,A,1,720141539300895366,262144,directional,0.7500,8,3410284,17,312302,5.5180,25.2226,191.4062,10.9866,2.849,3.066,1.223,262144,pass,0,0,0.943879,0.123986,0.263190,5659745,35,S-measured
w8_dir_2026_09_01,af0cb56,1,bistro.obj,2829873,B,0,8545900294964112491,262144,directional,0.7500,8,3410284,17,312302,5.5180,29.6459,222.3741,52.0584,1.740,2.738,0.188,261527,pass,0,0,0.943879,0.123986,0.263190,5659745,35,S-measured
w8_dir_2026_09_01,af0cb56,1,bistro.obj,2829873,C,0,3908305333063649661,262144,directional,0.7500,8,3410284,17,312302,5.5180,35.2282,269.8713,16.0315,0.150,0.157,0.990,248171,pass,0,0,0.943879,0.123986,0.263190,5659745,35,S-measured
w8_dir_2026_09_01,af0cb56,1,bistro.obj,2829873,A,1,720141539300895366,262144,directional,1.0000,8,3416997,17,382143,6.7519,25.4964,193.4429,11.0531,3.965,4.163,1.837,262144,pass,0,0,0.943879,0.123986,0.263190,5659745,35,S-measured
w8_dir_2026_09_01,af0cb56,1,bistro.obj,2829873,B,0,8545900294964112491,262144,directional,1.0000,8,3416997,17,382143,6.7519,31.2149,231.6287,52.1719,7.125,7.014,0.407,261527,pass,0,0,0.943879,0.123986,0.263190,5659745,35,S-measured
w8_dir_2026_09_01,af0cb56,1,bistro.obj,2829873,C,0,3908305333063649661,262144,directional,1.0000,8,3416997,17,382143,6.7519,34.9430,266.8483,15.9215,-0.661,-0.965,0.298,248171,pass,0,0,0.943879,0.123986,0.263190,5659745,35,S-measured
w8_dir_2026_09_01,af0cb56,1,hairball.obj,2880000,A,1,193257092760917983,262144,baseline_sah,0.0000,8,3409544,16,0,0.0000,28.3483,209.3627,29.3721,0.000,0.000,0.000,159822,pass,0,0,0.500015,0.712719,0.453243,5759999,34,S-measured
w8_dir_2026_09_01,af0cb56,1,hairball.obj,2880000,B,0,9819284257463730535,262144,baseline_sah,0.0000,8,3409544,16,0,0.0000,32.7828,245.6284,28.3114,0.000,0.000,0.000,209688,pass,0,0,0.500015,0.712719,0.453243,5759999,34,S-measured
w8_dir_2026_09_01,af0cb56,1,hairball.obj,2880000,C,0,5708646474693443182,262144,baseline_sah,0.0000,8,3409544,16,0,0.0000,28.0880,208.9096,24.1345,0.000,0.000,0.000,260391,pass,0,0,0.500015,0.712719,0.453243,5759999,34,S-measured
w8_dir_2026_09_01,af0cb56,1,hairball.obj,2880000,A,1,193257092760917983,262144,directional,0.2500,8,3409466,16,45844,0.7959,28.1917,208.1254,29.3707,-0.553,-0.591,-0.005,159822,pass,0,0,0.500015,0.712719,0.453243,5759999,34,S-measured
w8_dir_2026_09_01,af0cb56,1,hairball.obj,2880000,B,0,9819284257463730535,262144,directional,0.2500,8,3409466,16,45844,0.7959,33.3378,250.0843,28.3118,1.693,1.814,0.001,209688,pass,0,0,0.500015,0.712719,0.453243,5759999,34,S-measured
w8_dir_2026_09_01,af0cb56,1,hairball.obj,2880000,C,0,5708646474693443182,262144,directional,0.2500,8,3409466,16,45844,0.7959,28.6099,212.5268,23.9454,1.858,1.731,-0.783,260391,pass,0,0,0.500015,0.712719,0.453243,5759999,34,S-measured
w8_dir_2026_09_01,af0cb56,1,hairball.obj,2880000,A,1,193257092760917983,262144,directional,0.5000,8,3409510,16,87156,1.5131,28.1170,207.4800,29.3745,-0.816,-0.899,0.008,159822,pass,0,0,0.500015,0.712719,0.453243,5759999,34,S-measured
w8_dir_2026_09_01,af0cb56,1,hairball.obj,2880000,B,0,9819284257463730535,262144,directional,0.5000,8,3409510,16,87156,1.5131,31.5439,235.7217,28.3107,-3.779,-4.033,-0.002,209688,pass,0,0,0.500015,0.712719,0.453243,5759999,34,S-measured
w8_dir_2026_09_01,af0cb56,1,hairball.obj,2880000,C,0,5708646474693443182,262144,directional,0.5000,8,3409510,16,87156,1.5131,29.4883,219.0761,24.3233,4.985,4.866,0.782,260391,pass,0,0,0.500015,0.712719,0.453243,5759999,34,S-measured
w8_dir_2026_09_01,af0cb56,1,hairball.obj,2880000,A,1,193257092760917983,262144,directional,0.7500,8,3409442,16,119876,2.0812,28.1490,207.7959,29.3750,-0.703,-0.748,0.010,159822,pass,0,0,0.500015,0.712719,0.453243,5759999,34,S-measured
w8_dir_2026_09_01,af0cb56,1,hairball.obj,2880000,B,0,9819284257463730535,262144,directional,0.7500,8,3409442,16,119876,2.0812,31.6322,236.5634,28.3161,-3.510,-3.691,0.016,209688,pass,0,0,0.500015,0.712719,0.453243,5759999,34,S-measured
w8_dir_2026_09_01,af0cb56,1,hairball.obj,2880000,C,0,5708646474693443182,262144,directional,0.7500,8,3409442,16,119876,2.0812,29.4711,218.9755,24.3305,4.924,4.818,0.812,260391,pass,0,0,0.500015,0.712719,0.453243,5759999,34,S-measured
w8_dir_2026_09_01,af0cb56,1,hairball.obj,2880000,A,1,193257092760917983,262144,directional,1.0000,8,3409475,16,147071,2.5533,28.2481,208.6266,29.3942,-0.354,-0.352,0.075,159822,pass,0,0,0.500015,0.712719,0.453243,5759999,34,S-measured
w8_dir_2026_09_01,af0cb56,1,hairball.obj,2880000,B,0,9819284257463730535,262144,directional,1.0000,8,3409475,16,147071,2.5533,31.6422,236.4845,28.3164,-3.479,-3.723,0.018,209688,pass,0,0,0.500015,0.712719,0.453243,5759999,34,S-measured
w8_dir_2026_09_01,af0cb56,1,hairball.obj,2880000,C,0,5708646474693443182,262144,directional,1.0000,8,3409475,16,147071,2.5533,29.4822,219.0514,24.2496,4.964,4.855,0.477,260391,pass,0,0,0.500015,0.712719,0.453243,5759999,34,S-measured
w8_dir_2026_09_01,af0cb56,1,san-miguel.obj,9971513,A,1,11948788235775219164,262144,baseline_sah,0.0000,8,11927443,49,0,0.0000,6.5090,43.2206,1.9111,0.000,0.000,0.000,259437,pass,0,0,0.936906,0.146721,0.267479,19943025,62,S-measured
w8_dir_2026_09_01,af0cb56,1,san-miguel.obj,9971513,B,0,9195041453402854932,262144,baseline_sah,0.0000,8,11927443,49,0,0.0000,18.6954,140.5863,3.8741,0.000,0.000,0.000,262144,pass,0,0,0.936906,0.146721,0.267479,19943025,62,S-measured
w8_dir_2026_09_01,af0cb56,1,san-miguel.obj,9971513,C,0,926090116047900570,262144,baseline_sah,0.0000,8,11927443,49,0,0.0000,27.6779,211.9430,4.8254,0.000,0.000,0.000,262144,pass,0,0,0.936906,0.146721,0.267479,19943025,62,S-measured
w8_dir_2026_09_01,af0cb56,1,san-miguel.obj,9971513,A,1,11948788235775219164,262144,directional,0.2500,8,11930689,50,511672,2.5657,6.6081,41.6460,1.8895,1.523,-3.643,-1.128,259437,pass,0,0,0.936906,0.146721,0.267479,19943025,62,S-measured
w8_dir_2026_09_01,af0cb56,1,san-miguel.obj,9971513,B,0,9195041453402854932,262144,directional,0.2500,8,11930689,50,511672,2.5657,15.8092,117.3919,3.8487,-15.438,-16.498,-0.655,262144,pass,0,0,0.936906,0.146721,0.267479,19943025,62,S-measured
w8_dir_2026_09_01,af0cb56,1,san-miguel.obj,9971513,C,0,926090116047900570,262144,directional,0.2500,8,11930689,50,511672,2.5657,28.1545,215.7281,4.8308,1.722,1.786,0.112,262144,pass,0,0,0.936906,0.146721,0.267479,19943025,62,S-measured
w8_dir_2026_09_01,af0cb56,1,san-miguel.obj,9971513,A,1,11948788235775219164,262144,directional,0.5000,8,11937711,50,848772,4.2560,6.5992,42.3700,1.8862,1.386,-1.968,-1.301,259437,pass,0,0,0.936906,0.146721,0.267479,19943025,62,S-measured
w8_dir_2026_09_01,af0cb56,1,san-miguel.obj,9971513,B,0,9195041453402854932,262144,directional,0.5000,8,11937711,50,848772,4.2560,15.7485,116.8840,3.8451,-15.763,-16.860,-0.749,262144,pass,0,0,0.936906,0.146721,0.267479,19943025,62,S-measured
w8_dir_2026_09_01,af0cb56,1,san-miguel.obj,9971513,C,0,926090116047900570,262144,directional,0.5000,8,11937711,50,848772,4.2560,28.0792,215.0777,4.8288,1.450,1.479,0.069,262144,pass,0,0,0.936906,0.146721,0.267479,19943025,62,S-measured
w8_dir_2026_09_01,af0cb56,1,san-miguel.obj,9971513,A,1,11948788235775219164,262144,directional,0.7500,8,11950186,51,1105973,5.5457,6.5878,42.3514,1.8862,1.211,-2.011,-1.301,259437,pass,0,0,0.936906,0.146721,0.267479,19943025,62,S-measured
w8_dir_2026_09_01,af0cb56,1,san-miguel.obj,9971513,B,0,9195041453402854932,262144,directional,0.7500,8,11950186,51,1105973,5.5457,16.0061,118.2186,3.9057,-14.385,-15.910,0.816,262144,pass,0,0,0.936906,0.146721,0.267479,19943025,62,S-measured
w8_dir_2026_09_01,af0cb56,1,san-miguel.obj,9971513,C,0,926090116047900570,262144,directional,0.7500,8,11950186,51,1105973,5.5457,28.1924,215.9814,4.8289,1.859,1.905,0.073,262144,pass,0,0,0.936906,0.146721,0.267479,19943025,62,S-measured
w8_dir_2026_09_01,af0cb56,1,san-miguel.obj,9971513,A,1,11948788235775219164,262144,directional,1.0000,8,11969091,51,1326500,6.6514,6.5947,42.4071,1.8862,1.317,-1.882,-1.301,259437,pass,0,0,0.936906,0.146721,0.267479,19943025,62,S-measured
w8_dir_2026_09_01,af0cb56,1,san-miguel.obj,9971513,B,0,9195041453402854932,262144,directional,1.0000,8,11969091,51,1326500,6.6514,17.4397,129.2321,3.9168,-6.717,-8.076,1.103,262144,pass,0,0,0.936906,0.146721,0.267479,19943025,62,S-measured
w8_dir_2026_09_01,af0cb56,1,san-miguel.obj,9971513,C,0,926090116047900570,262144,directional,1.0000,8,11969091,51,1326500,6.6514,28.2601,216.4591,4.8318,2.103,2.131,0.132,262144,pass,0,0,0.936906,0.146721,0.267479,19943025,62,S-measured
