run_id,git_commit,dirty,scene,candidate,view,pos_x,pos_y,pos_z,target_x,target_y,target_z,up_x,up_y,up_z,focal,dir_x,dir_y,dir_z,screen_res,hit_fraction,median_hit_over_diagonal,p10_hit_over_diagonal,accepted,reject_reason,scene_diagonal
phase0_2026_09_01,fc3a28f,1,intel-sponza.obj,0,A,-557.800659,-323.061493,-185.507996,-351.455750,-231.991867,-233.778076,0.000000,1.000000,0.000000,50.000,0.894603,0.394830,-0.209274,64,1.00000,0.05519,0.03586,1,,1719.002808
phase0_2026_09_01,fc3a28f,1,intel-sponza.obj,1,B,-353.610291,-236.653381,-226.340622,-297.571625,27.589741,-135.028412,0.000000,1.000000,0.000000,50.000,0.196533,0.926726,0.320241,64,1.00000,0.08135,0.07171,1,,1719.002808
phase0_2026_09_01,fc3a28f,1,intel-sponza.obj,2,,-298.456421,-180.159576,-229.366058,-561.814209,-206.531616,13.437216,0.000000,1.000000,0.000000,50.000,-0.733231,-0.073424,0.676004,64,1.00000,0.00279,0.00181,0,median hit distance too short,1719.002808
phase0_2026_09_01,fc3a28f,1,intel-sponza.obj,3,,-401.190094,-172.872604,-200.171249,-406.362793,-2.464098,27.170200,0.000000,1.000000,0.000000,50.000,-0.018203,0.599681,0.800032,64,1.00000,0.04578,0.01702,0,median hit distance too short,1719.002808
phase0_2026_09_01,fc3a28f,1,intel-sponza.obj,4,,-355.851105,-102.839134,-183.776581,-332.224091,319.929199,-95.081528,0.000000,0.000000,1.000000,50.000,0.054614,0.977233,0.205019,64,1.00000,0.01097,0.01054,0,median hit distance too short,1719.002808
phase0_2026_09_01,fc3a28f,1,intel-sponza.obj,5,,-385.091339,-81.259933,-230.493011,-60.457726,-112.233215,-181.690842,0.000000,1.000000,0.000000,50.000,0.984516,-0.093933,0.148002,64,1.00000,0.00302,0.00141,0,median hit distance too short,1719.002808
phase0_2026_09_01,fc3a28f,1,intel-sponza.obj,6,C,-369.184174,-14.497621,-226.940140,-289.073914,20.894575,-3.952951,0.000000,1.000000,0.000000,50.000,0.334393,0.147732,0.930783,64,1.00000,0.13730,0.06644,1,,1719.002808
phase0_2026_09_01,fc3a28f,1,intel-sponza.obj,7,,-346.768616,-54.365891,-226.916412,-59.830074,-53.344265,-129.318848,0.000000,1.000000,0.000000,50.000,0.946729,0.003371,0.322015,64,1.00000,0.15483,0.09302,1,,1719.002808
phase0_2026_09_01,fc3a28f,1,intel-sponza.obj,8,,-331.770111,-46.451527,-227.927765,-59.743126,31.819466,-108.433029,0.000000,1.000000,0.000000,50.000,0.885354,0.254745,0.388914,64,1.00000,0.19268,0.12509,1,,1719.002808
phase0_2026_09_01,fc3a28f,1,intel-sponza.obj,9,,-345.836975,14.303707,-234.458801,-148.779541,307.675598,-103.007019,0.000000,1.000000,0.000000,50.000,0.522608,0.778040,0.348618,64,1.00000,0.04483,0.00109,0,median hit distance too short,1719.002808
phase0_2026_09_01,fc3a28f,1,intel-sponza.obj,10,,-401.118134,-21.256140,-203.637344,-413.029419,-250.025604,150.844925,0.000000,1.000000,0.000000,50.000,-0.028222,-0.542030,0.839885,64,1.00000,0.04961,0.01857,0,median hit distance too short,1719.002808
phase0_2026_09_01,fc3a28f,1,intel-sponza.obj,11,,-401.267670,-78.458969,-173.048187,-288.049408,-138.545166,87.179535,0.000000,1.000000,0.000000,50.000,0.390298,-0.207136,0.897085,64,1.00000,0.01701,0.00878,0,median hit distance too short,1719.002808
phase0_2026_09_01,fc3a28f,1,intel-sponza.obj,12,,-401.824402,-58.093475,-165.517502,-275.070282,21.374458,106.478577,0.000000,1.000000,0.000000,50.000,0.408325,0.255997,0.876206,64,1.00000,0.18699,0.11433,1,,1719.002808
phase0_2026_09_01,fc3a28f,1,intel-sponza.obj,13,,-405.993073,15.624682,-165.014847,-302.615173,90.582359,147.240356,0.000000,1.000000,0.000000,50.000,0.306436,0.222192,0.925596,64,1.00000,0.00483,0.00303,0,median hit distance too short,1719.002808
phase0_2026_09_01,fc3a28f,1,intel-sponza.obj,14,,-400.664673,7.786982,-168.218918,-190.759872,-243.063034,229.388641,0.000000,1.000000,0.000000,50.000,0.407696,-0.487223,0.772268,64,1.00000,0.10250,0.08198,1,,1719.002808
phase0_2026_09_01,fc3a28f,1,intel-sponza.obj,15,,-303.753906,-66.673820,-129.646515,-215.293198,-50.474464,226.162018,0.000000,1.000000,0.000000,50.000,0.241039,0.044140,0.969511,64,1.00000,0.03001,0.01806,0,median hit distance too short,1719.002808
phase0_2026_09_01,fc3a28f,1,intel-sponza.obj,16,,-325.918457,63.080212,-228.729721,-120.243187,28.638258,97.077904,0.000000,1.000000,0.000000,50.000,0.531691,-0.089036,0.842245,64,1.00000,0.07650,0.05636,1,,1719.002808
phase0_2026_09_01,fc3a28f,1,intel-sponza.obj,17,,-348.876160,100.220169,-179.870712,-192.699677,327.350311,122.692711,0.000000,1.000000,0.000000,50.000,0.381573,0.554928,0.739228,64,1.00000,0.00319,0.00254,0,median hit distance too short,1719.002808
phase0_2026_09_01,fc3a28f,1,intel-sponza.obj,18,,-548.440491,342.472778,-161.075836,4.793025,32.253906,-235.814682,0.000000,1.000000,0.000000,50.000,0.866239,-0.485733,-0.117024,64,1.00000,0.00782,0.00706,0,median hit distance too short,1719.002808
phase0_2026_09_01,fc3a28f,1,intel-sponza.obj,19,,-413.446594,325.334442,-137.092667,77.702759,-94.605911,-103.701897,0.000000,1.000000,0.000000,50.000,0.759042,-0.648993,0.051603,64,1.00000,0.10367,0.08911,1,,1719.002808
phase0_2026_09_01,fc3a28f,1,intel-sponza.obj,20,,-515.184937,370.750793,-210.824890,235.767990,-47.973961,-110.784424,0.000000,1.000000,0.000000,50.000,0.867549,-0.483738,0.115573,64,1.00000,0.00126,0.00094,0,median hit distance too short,1719.002808
phase0_2026_09_01,fc3a28f,1,intel-sponza.obj,21,,-424.079468,370.388031,-210.272995,175.025574,38.805492,-100.910156,0.000000,1.000000,0.000000,50.000,0.863983,-0.478183,0.157715,64,1.00000,0.00055,0.00041,0,median hit distance too short,1719.002808
phase0_2026_09_01,fc3a28f,1,intel-sponza.obj,22,,-297.514038,367.755249,-208.891388,90.237328,73.120102,-105.916229,0.000000,1.000000,0.000000,50.000,0.778993,-0.591922,0.206877,64,1.00000,0.05673,0.04146,1,,1719.002808
phase0_2026_09_01,fc3a28f,1,intel-sponza.obj,23,,-567.558960,-283.437134,40.872833,28.736725,-173.337936,96.449120,0.000000,1.000000,0.000000,50.000,0.979274,0.180812,0.091271,64,1.00000,0.33285,0.08418,1,,1719.002808
phase0_2026_09_01,fc3a28f,1,intel-sponza.obj,24,,-567.047119,-228.948563,-15.381841,68.668846,161.604523,102.951439,0.000000,1.000000,0.000000,50.000,0.841532,0.516997,0.156644,64,1.00000,0.00181,0.00167,0,median hit distance too short,1719.002808
phase0_2026_09_01,fc3a28f,1,intel-sponza.obj,25,,-564.688965,-219.514816,-23.608297,166.736374,-103.059593,101.089188,0.000000,1.000000,0.000000,50.000,0.973855,0.155054,0.166028,64,1.00000,0.48773,0.16450,1,,1719.002808
phase0_2026_09_01,fc3a28f,1,intel-sponza.obj,26,,-555.493774,-215.443954,7.439503,247.895844,-56.149017,100.662094,0.000000,1.000000,0.000000,50.000,0.974611,0.193245,0.113091,64,1.00000,0.41945,0.14579,1,,1719.002808
phase0_2026_09_01,fc3a28f,1,intel-sponza.obj,27,,-560.367065,-190.028000,-26.695236,232.475006,31.052135,122.685204,0.000000,1.000000,0.000000,50.000,0.947770,0.264281,0.178571,64,1.00000,0.15661,0.08938,1,,1719.002808
phase0_2026_09_01,fc3a28f,1,intel-sponza.obj,28,,-562.365112,-190.906418,23.486334,237.359497,184.604126,105.638168,0.000000,1.000000,0.000000,50.000,0.901293,0.423202,0.092585,64,1.00000,0.08507,0.06790,1,,1719.002808
phase0_2026_09_01,fc3a28f,1,intel-sponza.obj,29,,-562.487854,-178.093796,-23.809242,320.106323,-174.130707,-139.791473,0.000000,1.000000,0.000000,50.000,0.991466,0.004452,-0.130289,64,0.99829,0.33319,0.08680,1,,1719.002808
phase0_2026_09_01,fc3a28f,1,intel-sponza.obj,30,,-560.637268,-166.438812,8.727920,341.648773,24.443090,-114.146851,0.000000,1.000000,0.000000,50.000,0.969777,0.205160,-0.132066,64,1.00000,0.14886,0.06540,1,,1719.002808
phase0_2026_09_01,fc3a28f,1,intel-sponza.obj,31,,-561.248596,-160.963074,-18.832848,370.259888,-77.139496,-233.917526,0.000000,1.000000,0.000000,50.000,0.970640,0.087345,-0.224120,64,1.00000,0.08845,0.06835,1,,1719.002808
phase0_2026_09_01,fc3a28f,1,intel-sponza.obj,32,,-557.245728,-139.670166,-10.731803,386.607422,74.936668,-179.087326,0.000000,1.000000,0.000000,50.000,0.960689,0.218435,-0.171358,64,1.00000,0.05379,0.03568,1,,1719.002808
phase0_2026_09_01,fc3a28f,1,intel-sponza.obj,33,,-494.117126,-139.853226,-3.840668,310.421906,307.451050,62.746956,0.000000,1.000000,0.000000,50.000,0.871724,0.484657,0.072148,64,1.00000,0.02955,0.02207,0,median hit distance too short,1719.002808
phase0_2026_09_01,fc3a28f,1,intel-sponza.obj,34,,-497.138123,-116.396225,1.830199,682.131836,-100.435379,-36.419846,0.000000,1.000000,0.000000,50.000,0.999383,0.013526,-0.032415,64,1.00000,0.04017,0.00450,0,median hit distance too short,1719.002808
phase0_2026_09_01,fc3a28f,1,intel-sponza.obj,35,,-410.149078,-174.630508,-86.824707,496.891602,-208.786652,56.056419,0.000000,1.000000,0.000000,50.000,0.987137,-0.037172,0.155498,64,1.00000,0.00137,0.00133,0,median hit distance too short,1719.002808
phase0_2026_09_01,fc3a28f,1,intel-sponza.obj,36,,-402.879944,-133.043594,-47.581200,-315.531128,-174.565430,-139.764816,0.000000,1.000000,0.000000,50.000,0.653758,-0.310768,-0.689944,64,1.00000,0.11992,0.06135,1,,1719.002808
phase0_2026_09_01,fc3a28f,1,intel-sponza.obj,37,,-407.323669,-105.554253,34.878201,-439.527710,351.077484,-165.519531,0.000000,1.000000,0.000000,50.000,-0.064446,0.913796,-0.401029,64,1.00000,0.01227,0.00115,0,median hit distance too short,1719.002808
phase0_2026_09_01,fc3a28f,1,intel-sponza.obj,38,,-410.370728,-34.304905,-15.911160,-569.181152,-163.230225,-31.045288,0.000000,1.000000,0.000000,50.000,-0.774256,-0.628556,-0.073784,64,1.00000,0.04466,0.03734,0,median hit distance too short,1719.002808
phase0_2026_09_01,fc3a28f,1,intel-sponza.obj,39,,-402.744843,-7.983233,-18.002527,-307.606323,-54.653625,3.415804,0.000000,1.000000,0.000000,50.000,0.880000,-0.431686,0.198112,64,1.00000,0.06729,0.06160,1,,1719.002808
phase0_2026_09_01,fc3a28f,1,intel-sponza.obj,40,,-403.652313,-36.493889,17.279085,-429.420837,372.068848,3.511722,0.000000,0.000000,1.000000,50.000,-0.062911,0.997453,-0.033611,64,1.00000,0.02041,0.01407,0,median hit distance too short,1719.002808
phase0_2026_09_01,fc3a28f,1,intel-sponza.obj,41,,-401.590210,-46.506638,-0.468405,-207.523438,-93.466110,-107.049622,0.000000,1.000000,0.000000,50.000,0.857439,-0.207480,-0.470904,64,1.00000,0.06424,0.05486,1,,1719.002808
phase0_2026_09_01,fc3a28f,1,intel-sponza.obj,42,,-395.270264,-90.470833,-9.636825,-211.068085,-24.577595,-233.922165,0.000000,1.000000,0.000000,50.000,0.618922,0.221402,-0.753602,64,1.00000,0.01619,0.00864,0,median hit distance too short,1719.002808
phase0_2026_09_01,fc3a28f,1,intel-sponza.obj,43,,-303.226074,-64.621971,34.807945,-204.920212,23.122944,-113.153671,0.000000,1.000000,0.000000,50.000,0.496166,0.442863,-0.746787,64,1.00000,0.00700,0.00504,0,median hit distance too short,1719.002808
phase0_2026_09_01,fc3a28f,1,intel-sponza.obj,44,,-296.436646,-47.961323,-2.254559,-56.393623,102.336014,-177.403000,0.000000,1.000000,0.000000,50.000,0.720857,0.451348,-0.525976,64,1.00000,0.00471,0.00428,0,median hit distance too short,1719.002808
phase0_2026_09_01,fc3a28f,1,intel-sponza.obj,45,,-307.231567,25.028538,-111.972916,-282.854828,319.399902,-60.039101,0.000000,0.000000,1.000000,50.000,0.081280,0.981533,0.173165,64,1.00000,0.00919,0.00866,0,median hit distance too short,1719.002808
phase0_2026_09_01,fc3a28f,1,intel-sponza.obj,46,,-309.885559,42.878605,-84.471336,-409.269623,-187.400620,177.455627,0.000000,1.000000,0.000000,50.000,-0.274053,-0.634999,0.722268,64,1.00000,0.11300,0.09460,1,,1719.002808
phase0_2026_09_01,fc3a28f,1,intel-sponza.obj,47,,-297.688873,31.826139,-6.640986,-355.168915,-87.079529,223.123199,0.000000,1.000000,0.000000,50.000,-0.216892,-0.448672,0.866979,64,1.00000,0.00774,0.00690,0,median hit distance too short,1719.002808
phase0_2026_09_01,fc3a28f,1,intel-sponza.obj,48,,-297.453461,26.835520,10.906658,-289.069275,231.509323,51.861156,0.000000,0.000000,1.000000,50.000,0.040135,0.979772,0.196049,64,1.00000,0.01901,0.01264,0,median hit distance too short,1719.002808
phase0_2026_09_01,fc3a28f,1,intel-sponza.obj,49,,-289.376129,33.035053,-11.384291,-372.478149,364.865692,183.649826,0.000000,1.000000,0.000000,50.000,-0.211041,0.842699,0.495298,64,1.00000,0.00073,0.00061,0,median hit distance too short,1719.002808
phase0_2026_09_01,fc3a28f,1,intel-sponza.obj,50,,-285.383972,159.149765,-11.756571,-54.311550,-234.328979,229.228745,0.000000,1.000000,0.000000,50.000,0.447783,-0.762501,0.466993,64,1.00000,0.17026,0.00805,1,,1719.002808
phase0_2026_09_01,fc3a28f,1,intel-sponza.obj,51,,-489.490570,325.868591,-113.203293,-64.006004,-24.793667,119.832123,0.000000,1.000000,0.000000,50.000,0.710815,-0.585817,0.389309,64,1.00000,0.00745,0.00377,0,median hit distance too short,1719.002808
phase0_2026_09_01,fc3a28f,1,intel-sponza.obj,52,,-491.705200,320.760040,-100.451164,-68.767807,27.320837,113.958977,0.000000,1.000000,0.000000,50.000,0.758451,-0.526223,0.384501,64,1.00000,0.00202,0.00192,0,median hit distance too short,1719.002808
phase0_2026_09_01,fc3a28f,1,intel-sponza.obj,53,,-364.617706,315.232086,-97.317535,-199.766525,15.933143,227.977585,0.000000,1.000000,0.000000,50.000,0.349427,-0.634409,0.689512,64,1.00000,0.12445,0.08179,1,,1719.002808
phase0_2026_09_01,fc3a28f,1,intel-sponza.obj,54,,-445.392578,316.829437,-92.870880,80.624802,-5.207143,-235.293976,0.000000,1.000000,0.000000,50.000,0.830994,-0.508748,-0.224998,64,1.00000,0.11752,0.10316,1,,1719.002808
phase0_2026_09_01,fc3a28f,1,intel-sponza.obj,55,,-585.403259,316.473541,-71.929581,231.256927,-110.107788,-116.216972,0.000000,1.000000,0.000000,50.000,0.885341,-0.462457,-0.048012,64,1.00000,0.19679,0.17785,1,,1719.002808
phase0_2026_09_01,fc3a28f,1,intel-sponza.obj,56,,-327.511597,338.066528,21.340004,22.994726,25.166016,-133.196594,0.000000,1.000000,0.000000,50.000,0.708646,-0.632616,-0.312439,64,1.00000,0.03275,0.02956,0,median hit distance too short,1719.002808
phase0_2026_09_01,fc3a28f,1,intel-sponza.obj,57,,-487.987610,371.068726,-0.142314,229.968964,35.239792,-123.691727,0.000000,1.000000,0.000000,50.000,0.894997,-0.418641,-0.154015,64,1.00000,0.00003,0.00002,0,median hit distance too short,1719.002808
phase0_2026_09_01,fc3a28f,1,intel-sponza.obj,58,,-345.500671,350.222137,-20.954897,68.962852,152.108032,-106.228394,0.000000,1.000000,0.000000,50.000,0.887072,-0.424021,-0.182510,64,1.00000,0.02324,0.00557,0,median hit distance too short,1719.002808
phase0_2026_09_01,fc3a28f,1,intel-sponza.obj,59,,-231.256317,-272.571747,-232.467590,2.620375,-65.876221,126.657227,0.000000,1.000000,0.000000,50.000,0.491537,0.434411,0.754771,64,1.00000,0.24037,0.08298,1,,1719.002808
phase0_2026_09_01,fc3a28f,1,intel-sponza.obj,60,,-234.247253,-211.914688,-230.524643,71.045555,0.233642,224.952988,0.000000,1.000000,0.000000,50.000,0.519261,0.360835,0.774704,64,1.00000,0.08880,0.07768,1,,1719.002808
phase0_2026_09_01,fc3a28f,1,intel-sponza.obj,61,,-185.114334,-255.081863,-230.571350,223.110840,-107.314896,145.238922,0.000000,1.000000,0.000000,50.000,0.710935,0.257340,0.654483,64,1.00000,0.31782,0.13088,1,,1719.002808
phase0_2026_09_01,fc3a28f,1,intel-sponza.obj,62,,-241.719116,-288.480347,-221.143478,83.183105,28.973135,119.538376,0.000000,1.000000,0.000000,50.000,0.572208,0.559089,0.599998,64,1.00000,0.00100,0.00078,0,median hit distance too short,1719.002808
phase0_2026_09_01,fc3a28f,1,intel-sponza.obj,63,,-229.745636,-190.119781,-232.774139,299.773651,31.922035,132.222900,0.000000,1.000000,0.000000,50.000,0.778271,0.326350,0.536461,64,1.00000,0.00028,0.00018,0,median hit distance too short,1719.002808
phase0_2026_09_01,fc3a28f,1,hairball.obj,0,A,-2.992759,-2.388834,-2.504398,-1.845039,-0.752879,-3.544760,0.000000,1.000000,0.000000,50.000,0.509421,0.726126,-0.461770,64,0.60571,0.09515,0.04766,1,,15.914934
phase0_2026_09_01,fc3a28f,1,hairball.obj,1,,-1.853252,-2.319292,-1.385718,-0.614873,-4.003486,-0.514925,0.000000,1.000000,0.000000,50.000,0.546844,-0.743708,0.384526,64,0.94507,0.00594,0.00544,0,median hit distance too short,15.914934
phase0_2026_09_01,fc3a28f,1,hairball.obj,2,,-2.202942,-0.489738,-2.807401,-0.162309,-0.130005,-0.245461,0.000000,1.000000,0.000000,50.000,0.619309,0.109175,0.777520,64,1.00000,0.04912,0.01613,0,median hit distance too short,15.914934
phase0_2026_09_01,fc3a28f,1,hairball.obj,3,,-2.667874,-0.077282,-1.974968,-1.706451,3.209263,-1.028664,0.000000,1.000000,0.000000,50.000,0.270623,0.925101,0.266367,64,0.99731,0.00630,0.00592,0,median hit distance too short,15.914934
phase0_2026_09_01,fc3a28f,1,hairball.obj,4,,-0.039200,-3.363435,-1.400428,-1.451179,1.103387,-0.748907,0.000000,1.000000,0.000000,50.000,-0.298530,0.944407,0.137749,64,1.00000,0.03693,0.01753,0,median hit distance too short,15.914934
phase0_2026_09_01,fc3a28f,1,hairball.obj,5,,-0.834456,-2.555866,-1.450009,-0.086462,0.168549,0.085879,0.000000,1.000000,0.000000,50.000,0.232605,0.847216,0.477618,64,1.00000,0.00617,0.00463,0,median hit distance too short,15.914934
phase0_2026_09_01,fc3a28f,1,hairball.obj,6,B,-0.746124,-1.054147,-4.077106,1.661885,-3.647074,-1.471058,0.000000,1.000000,0.000000,50.000,0.547937,-0.590014,0.593000,64,0.79639,0.08666,0.06288,1,,15.914934
phase0_2026_09_01,fc3a28f,1,hairball.obj,7,,-1.087555,-0.203030,-2.836939,1.704139,-1.686632,-1.092305,0.000000,1.000000,0.000000,50.000,0.773136,-0.410871,0.483162,64,0.99878,0.03435,0.02312,0,median hit distance too short,15.914934
phase0_2026_09_01,fc3a28f,1,hairball.obj,8,,-0.150781,-1.270800,-2.264861,0.430680,-0.804966,0.269829,0.000000,1.000000,0.000000,50.000,0.220090,0.176324,0.959411,64,1.00000,0.00665,0.00362,0,median hit distance too short,15.914934
phase0_2026_09_01,fc3a28f,1,hairball.obj,9,,-1.162823,-0.112430,-1.631680,2.077453,-0.637009,-0.463716,0.000000,1.000000,0.000000,50.000,0.930027,-0.150565,0.335230,64,1.00000,0.00278,0.00230,0,median hit distance too short,15.914934
phase0_2026_09_01,fc3a28f,1,hairball.obj,10,,-3.320244,-2.694760,-0.345334,1.965350,0.805743,-2.121669,0.000000,1.000000,0.000000,50.000,0.802818,0.531685,-0.269804,64,1.00000,0.04657,0.02183,0,median hit distance too short,15.914934
phase0_2026_09_01,fc3a28f,1,hairball.obj,11,,-2.098873,-2.550887,0.027011,0.348198,0.685892,-0.496586,0.000000,1.000000,0.000000,50.000,0.598110,0.791130,-0.127977,64,1.00000,0.03858,0.01953,0,median hit distance too short,15.914934
phase0_2026_09_01,fc3a28f,1,hairball.obj,12,,-2.847601,-1.917961,0.186609,0.411448,0.257166,0.561436,0.000000,1.000000,0.000000,50.000,0.827984,0.552606,0.095228,64,1.00000,0.04210,0.02626,0,median hit distance too short,15.914934
phase0_2026_09_01,fc3a28f,1,hairball.obj,13,,-1.783086,-2.217286,0.031612,0.049029,2.207549,0.539055,0.000000,1.000000,0.000000,50.000,0.380427,0.918789,0.105367,64,1.00000,0.01253,0.00995,0,median hit distance too short,15.914934
phase0_2026_09_01,fc3a28f,1,hairball.obj,14,,-1.215527,-2.961675,-0.699745,1.893753,1.863863,0.323273,0.000000,1.000000,0.000000,50.000,0.533237,0.827573,0.175446,64,1.00000,0.03846,0.01747,0,median hit distance too short,15.914934
phase0_2026_09_01,fc3a28f,1,hairball.obj,15,,-0.648898,-3.020442,-0.673317,-0.675730,-1.473964,1.252054,0.000000,1.000000,0.000000,50.000,-0.010864,0.626183,0.779600,64,1.00000,0.03123,0.01028,0,median hit distance too short,15.914934
phase0_2026_09_01,fc3a28f,1,hairball.obj,16,,-1.017063,-2.366102,-1.141703,-1.834228,-0.444704,2.993497,0.000000,1.000000,0.000000,50.000,-0.176401,0.414771,0.892663,64,1.00000,0.04384,0.02048,0,median hit distance too short,15.914934
phase0_2026_09_01,fc3a28f,1,hairball.obj,17,,-0.555421,-1.587471,-0.570765,-0.299830,0.101588,2.423379,0.000000,1.000000,0.000000,50.000,0.074145,0.489981,0.868574,64,1.00000,0.00929,0.00836,0,median hit distance too short,15.914934
phase0_2026_09_01,fc3a28f,1,hairball.obj,18,,-1.113775,-1.842393,0.540562,1.695146,-1.500529,3.467812,0.000000,1.000000,0.000000,50.000,0.689928,0.083969,0.718992,64,1.00000,0.00282,0.00243,0,median hit distance too short,15.914934
phase0_2026_09_01,fc3a28f,1,hairball.obj,19,,-3.687959,-1.162545,-1.056503,0.782952,-0.165114,1.822753,0.000000,1.000000,0.000000,50.000,0.826332,0.184349,0.532156,64,1.00000,0.03629,0.01032,0,median hit distance too short,15.914934
phase0_2026_09_01,fc3a28f,1,hairball.obj,20,,-4.004764,-0.029429,-0.166175,2.500136,-1.100258,2.217809,0.000000,1.000000,0.000000,50.000,0.927911,-0.152752,0.340071,64,1.00000,0.04870,0.01224,0,median hit distance too short,15.914934
phase0_2026_09_01,fc3a28f,1,hairball.obj,21,,-2.347497,-1.003193,-0.456192,-2.256986,2.074496,1.095862,0.000000,1.000000,0.000000,50.000,0.026250,0.892581,0.450122,64,0.99976,0.00998,0.00833,0,median hit distance too short,15.914934
phase0_2026_09_01,fc3a28f,1,hairball.obj,22,,-1.713207,-0.138170,-0.562490,-0.312608,1.793790,0.694756,0.000000,1.000000,0.000000,50.000,0.519282,0.716287,0.466132,64,1.00000,0.00320,0.00215,0,median hit distance too short,15.914934
phase0_2026_09_01,fc3a28f,1,hairball.obj,23,,-2.460366,-0.499536,0.276750,-0.530998,1.791205,3.334448,0.000000,1.000000,0.000000,50.000,0.450774,0.535204,0.714394,64,1.00000,0.02374,0.01078,0,median hit distance too short,15.914934
phase0_2026_09_01,fc3a28f,1,hairball.obj,24,,-1.321921,-1.021564,-0.277980,0.218311,2.961399,2.698599,0.000000,1.000000,0.000000,50.000,0.295891,0.765158,0.571824,64,1.00000,0.03146,0.01353,0,median hit distance too short,15.914934
phase0_2026_09_01,fc3a28f,1,hairball.obj,25,,-0.177738,-1.315965,-0.289552,1.241339,1.426876,1.123804,0.000000,1.000000,0.000000,50.000,0.417836,0.807608,0.416151,64,1.00000,0.00464,0.00386,0,median hit distance too short,15.914934
phase0_2026_09_01,fc3a28f,1,hairball.obj,26,,-1.345831,0.017975,-0.548158,1.467116,2.715430,1.644166,0.000000,1.000000,0.000000,50.000,0.629069,0.603241,0.490277,64,1.00000,0.00264,0.00211,0,median hit distance too short,15.914934
phase0_2026_09_01,fc3a28f,1,hairball.obj,27,,-0.058155,-0.080822,-0.752579,2.900525,1.489361,1.904036,0.000000,1.000000,0.000000,50.000,0.692065,0.367282,0.621409,64,1.00000,0.01147,0.00544,0,median hit distance too short,15.914934
phase0_2026_09_01,fc3a28f,1,hairball.obj,28,,0.035060,-0.219310,-0.275618,-0.379098,-1.594603,-1.869035,0.000000,1.000000,0.000000,50.000,-0.193062,-0.641099,-0.742778,64,0.99756,0.01595,0.00257,0,median hit distance too short,15.914934
phase0_2026_09_01,fc3a28f,1,hairball.obj,29,,-0.663143,-0.802711,-0.045938,-1.693208,-0.822958,-0.418316,0.000000,1.000000,0.000000,50.000,-0.940274,-0.018482,-0.339917,64,0.99512,0.00604,0.00426,0,median hit distance too short,15.914934
phase0_2026_09_01,fc3a28f,1,hairball.obj,30,,-0.502095,-0.364384,0.007042,-0.051594,-0.108005,0.207396,0.000000,1.000000,0.000000,50.000,0.810664,0.461347,0.360532,64,1.00000,0.01590,0.00895,0,median hit distance too short,15.914934
phase0_2026_09_01,fc3a28f,1,hairball.obj,31,,-0.443653,-0.916558,0.259631,-1.093556,2.480131,-2.098339,0.000000,1.000000,0.000000,50.000,-0.155268,0.811503,-0.563343,64,1.00000,0.00354,0.00233,0,median hit distance too short,15.914934
phase0_2026_09_01,fc3a28f,1,hairball.obj,32,,-0.198935,-0.554694,0.623125,-0.942551,0.420618,0.211634,0.000000,1.000000,0.000000,50.000,-0.574821,0.753924,-0.318086,64,1.00000,0.00559,0.00439,0,median hit distance too short,15.914934
phase0_2026_09_01,fc3a28f,1,hairball.obj,33,,-0.068951,-0.129774,0.095063,-0.969158,2.162148,0.504541,0.000000,1.000000,0.000000,50.000,-0.360633,0.918169,0.164041,64,1.00000,0.00564,0.00277,0,median hit distance too short,15.914934
phase0_2026_09_01,fc3a28f,1,hairball.obj,34,,-0.138746,-0.315035,0.197946,1.447952,-0.785368,-2.739891,0.000000,1.000000,0.000000,50.000,0.470565,-0.139486,-0.871271,64,1.00000,0.00665,0.00279,0,median hit distance too short,15.914934
phase0_2026_09_01,fc3a28f,1,hairball.obj,35,,-0.426414,-0.196371,0.549221,0.832439,-0.672300,-1.020013,0.000000,1.000000,0.000000,50.000,0.608937,-0.230218,-0.759075,64,1.00000,0.01641,0.00728,0,median hit distance too short,15.914934
phase0_2026_09_01,fc3a28f,1,hairball.obj,36,,-1.813925,0.804940,-3.374720,0.210613,-0.082772,0.029323,0.000000,1.000000,0.000000,50.000,0.498795,-0.218710,0.838671,64,1.00000,0.04006,0.02163,0,median hit distance too short,15.914934
phase0_2026_09_01,fc3a28f,1,hairball.obj,37,C,-3.652245,0.222315,-2.104643,0.259219,0.968646,-2.545070,0.000000,1.000000,0.000000,50.000,0.976325,0.186289,-0.109933,64,0.99316,0.05438,0.02376,1,,15.914934
phase0_2026_09_01,fc3a28f,1,hairball.obj,38,,-2.696219,1.485154,-1.198375,2.138108,1.931556,-2.432732,0.000000,1.000000,0.000000,50.000,0.965060,0.089114,-0.246411,64,0.99951,0.05070,0.03516,1,,15.914934
phase0_2026_09_01,fc3a28f,1,hairball.obj,39,,-1.621189,0.890624,-1.950819,0.015033,0.016871,0.245730,0.000000,1.000000,0.000000,50.000,0.569125,-0.303917,0.764023,64,1.00000,0.02284,0.01381,0,median hit distance too short,15.914934
phase0_2026_09_01,fc3a28f,1,hairball.obj,40,,-1.844441,1.784279,-2.194776,0.800049,0.530936,0.028983,0.000000,1.000000,0.000000,50.000,0.719491,-0.340999,0.605022,64,1.00000,0.03064,0.01548,0,median hit distance too short,15.914934
phase0_2026_09_01,fc3a28f,1,hairball.obj,41,,-1.615816,2.703041,-1.493557,1.172444,0.942147,-0.576629,0.000000,1.000000,0.000000,50.000,0.814602,-0.514453,0.267885,64,1.00000,0.03415,0.01921,0,median hit distance too short,15.914934
phase0_2026_09_01,fc3a28f,1,hairball.obj,42,,-1.276117,0.573832,-2.780704,-2.248663,-2.181750,1.791780,0.000000,1.000000,0.000000,50.000,-0.179222,-0.507803,0.842624,64,1.00000,0.03167,0.00976,0,median hit distance too short,15.914934
phase0_2026_09_01,fc3a28f,1,hairball.obj,43,,-1.136555,0.200779,-1.932818,-2.911246,-0.716303,2.051161,0.000000,1.000000,0.000000,50.000,-0.398203,-0.205774,0.893919,64,1.00000,0.00264,0.00220,0,median hit distance too short,15.914934
phase0_2026_09_01,fc3a28f,1,hairball.obj,44,,-0.372597,0.182391,-1.876731,-0.188858,-0.118881,0.635544,0.000000,1.000000,0.000000,50.000,0.072425,-0.118754,0.990279,64,1.00000,0.01511,0.00376,0,median hit distance too short,15.914934
phase0_2026_09_01,fc3a28f,1,hairball.obj,45,,-0.853254,1.294707,-1.976912,0.224077,-2.531484,2.184666,0.000000,1.000000,0.000000,50.000,0.187202,-0.664856,0.723134,64,1.00000,0.00873,0.00207,0,median hit distance too short,15.914934
phase0_2026_09_01,fc3a28f,1,hairball.obj,46,,-0.068873,0.852356,-1.448202,0.229188,0.285793,0.679110,0.000000,1.000000,0.000000,50.000,0.134168,-0.255030,0.957579,64,1.00000,0.00867,0.00716,0,median hit distance too short,15.914934
phase0_2026_09_01,fc3a28f,1,hairball.obj,47,,-0.839253,2.469541,-2.772132,1.511489,-0.862203,3.572099,0.000000,1.000000,0.000000,50.000,0.311703,-0.441782,0.841231,64,1.00000,0.01672,0.01381,0,median hit distance too short,15.914934
phase0_2026_09_01,fc3a28f,1,hairball.obj,48,,-0.864650,2.432789,-1.474022,-1.770829,1.547286,1.222810,0.000000,1.000000,0.000000,50.000,-0.304125,-0.297186,0.905090,64,1.00000,0.03047,0.01406,0,median hit distance too short,15.914934
phase0_2026_09_01,fc3a28f,1,hairball.obj,49,,-0.407964,1.947347,-1.237643,-0.600341,1.634739,1.353723,0.000000,1.000000,0.000000,50.000,-0.073504,-0.119442,0.990116,64,1.00000,0.02361,0.00676,0,median hit distance too short,15.914934
phase0_2026_09_01,fc3a28f,1,hairball.obj,50,,-0.479523,3.632061,-1.746831,-1.559775,1.883673,2.646896,0.000000,1.000000,0.000000,50.000,-0.222703,-0.360445,0.905805,64,1.00000,0.00287,0.00261,0,median hit distance too short,15.914934
phase0_2026_09_01,fc3a28f,1,hairball.obj,51,,-3.387218,0.289892,0.502063,0.249020,3.562942,0.762504,0.000000,1.000000,0.000000,50.000,0.742199,0.668068,0.053159,64,0.99976,0.03471,0.01557,0,median hit distance too short,15.914934
phase0_2026_09_01,fc3a28f,1,hairball.obj,52,,-3.241351,1.435003,-0.590180,0.367282,0.486213,1.539678,0.000000,1.000000,0.000000,50.000,0.839928,-0.220836,0.495735,64,1.00000,0.03571,0.00489,0,median hit distance too short,15.914934
phase0_2026_09_01,fc3a28f,1,hairball.obj,53,,-1.386771,0.936188,-0.708869,0.654494,1.097532,2.546861,0.000000,1.000000,0.000000,50.000,0.530735,0.041950,0.846499,64,1.00000,0.03438,0.02240,0,median hit distance too short,15.914934
phase0_2026_09_01,fc3a28f,1,hairball.obj,54,,-2.015910,1.121993,-0.911465,1.578437,0.392498,1.708162,0.000000,1.000000,0.000000,50.000,0.797486,-0.161855,0.581222,64,1.00000,0.01080,0.00612,0,median hit distance too short,15.914934
phase0_2026_09_01,fc3a28f,1,hairball.obj,55,,-2.463639,1.407617,0.245677,-2.487193,-0.936824,-3.274930,0.000000,1.000000,0.000000,50.000,-0.005568,-0.554261,-0.832324,64,0.99878,0.01735,0.00817,0,median hit distance too short,15.914934
phase0_2026_09_01,fc3a28f,1,hairball.obj,56,,-2.982977,2.724378,0.119012,-0.268247,-4.229763,-0.507987,0.000000,1.000000,0.000000,50.000,0.362373,-0.928268,-0.083694,64,1.00000,0.03753,0.02018,0,median hit distance too short,15.914934
phase0_2026_09_01,fc3a28f,1,hairball.obj,57,,-1.822303,2.210494,-0.247417,-0.208694,-0.108855,-0.202178,0.000000,1.000000,0.000000,50.000,0.571027,-0.820775,0.016009,64,1.00000,0.00265,0.00228,0,median hit distance too short,15.914934
phase0_2026_09_01,fc3a28f,1,hairball.obj,58,,-1.518060,3.397702,-0.620106,-1.536230,4.025045,-0.990600,0.000000,1.000000,0.000000,50.000,-0.024931,0.860784,-0.508359,64,0.18018,0.02003,0.01752,0,hit fraction too low,15.914934
phase0_2026_09_01,fc3a28f,1,hairball.obj,59,,-0.509119,0.152271,-0.840064,-1.948799,1.106296,-0.496498,0.000000,1.000000,0.000000,50.000,-0.817567,0.541773,0.195105,64,0.99976,0.01464,0.01152,0,median hit distance too short,15.914934
phase0_2026_09_01,fc3a28f,1,hairball.obj,60,,-1.101408,0.586761,-0.135243,-0.089175,0.188043,0.034468,0.000000,1.000000,0.000000,50.000,0.919303,-0.362113,0.154130,64,1.00000,0.01794,0.00990,0,median hit distance too short,15.914934
phase0_2026_09_01,fc3a28f,1,hairball.obj,61,,-1.151858,0.374269,0.169019,1.505793,-3.318081,-1.297873,0.000000,1.000000,0.000000,50.000,0.555995,-0.772459,-0.306882,64,1.00000,0.01688,0.00527,0,median hit distance too short,15.914934
phase0_2026_09_01,fc3a28f,1,hairball.obj,62,,-0.769793,0.340750,0.413400,1.562971,-1.630126,-1.029812,0.000000,1.000000,0.000000,50.000,0.690633,-0.583493,-0.427274,64,1.00000,0.01482,0.00921,0,median hit distance too short,15.914934
phase0_2026_09_01,fc3a28f,1,hairball.obj,63,,-0.668136,1.320740,0.281900,0.448843,-0.721126,0.313181,0.000000,1.000000,0.000000,50.000,0.479879,-0.877232,0.013439,64,1.00000,0.01061,0.00715,0,median hit distance too short,15.914934
phase0_2026_09_01,fc3a28f,1,bistro.obj,0,,-30.302261,4.843651,-25.814114,-26.872831,3.671685,-21.053997,0.000000,1.000000,0.000000,50.000,0.573220,-0.195891,0.795641,64,1.00000,0.01231,0.00591,0,median hit distance too short,161.551651
phase0_2026_09_01,fc3a28f,1,bistro.obj,1,A,-27.255756,2.791340,-20.494650,-20.353291,3.207309,-18.569973,0.000000,1.000000,0.000000,50.000,0.961635,0.057952,0.268141,64,1.00000,0.06716,0.04762,1,,161.551651
phase0_2026_09_01,fc3a28f,1,bistro.obj,2,,-27.813314,4.334575,-19.676039,-23.695465,15.605011,-9.563269,0.000000,1.000000,0.000000,50.000,0.262412,0.718215,0.644443,64,0.65918,0.06634,0.04203,1,,161.551651
phase0_2026_09_01,fc3a28f,1,bistro.obj,3,,-22.430126,3.648182,-25.075693,-12.863524,7.266962,-10.015312,0.000000,1.000000,0.000000,50.000,0.525486,0.198777,0.827256,64,0.93604,0.06003,0.05643,1,,161.551651
phase0_2026_09_01,fc3a28f,1,bistro.obj,4,,-22.373089,7.266655,-25.217609,-10.366301,7.190330,-9.789752,0.000000,1.000000,0.000000,50.000,0.614170,-0.003904,0.789164,64,1.00000,0.05803,0.05620,1,,161.551651
phase0_2026_09_01,fc3a28f,1,bistro.obj,5,,-26.061008,8.312397,-22.372435,-1.264219,3.783032,-17.384857,0.000000,1.000000,0.000000,50.000,0.965015,-0.176269,0.194101,64,1.00000,0.00066,0.00058,0,median hit distance too short,161.551651
phase0_2026_09_01,fc3a28f,1,bistro.obj,6,,-22.920746,10.330245,-24.505077,3.536247,3.387208,-20.982838,0.000000,1.000000,0.000000,50.000,0.959327,-0.251754,0.127716,64,1.00000,0.07159,0.06265,1,,161.551651
phase0_2026_09_01,fc3a28f,1,bistro.obj,7,,-28.196611,19.227274,-20.902540,-3.814796,19.567043,-20.290310,0.000000,1.000000,0.000000,50.000,0.999588,0.013930,0.025100,64,1.00000,0.00422,0.00105,0,median hit distance too short,161.551651
phase0_2026_09_01,fc3a28f,1,bistro.obj,8,,-28.438766,4.456234,-18.556496,-19.411318,9.701521,-5.154579,0.000000,1.000000,0.000000,50.000,0.531377,0.308750,0.788868,64,0.74976,0.07201,0.04432,1,,161.551651
phase0_2026_09_01,fc3a28f,1,bistro.obj,9,,-28.999512,9.712831,-16.908258,-3.951880,3.088290,-4.720119,0.000000,1.000000,0.000000,50.000,0.874798,-0.231365,0.425675,64,1.00000,0.00241,0.00161,0,median hit distance too short,161.551651
phase0_2026_09_01,fc3a28f,1,bistro.obj,10,,-28.684065,16.156097,-16.113317,-13.032654,6.987457,4.079362,0.000000,1.000000,0.000000,50.000,0.576615,-0.337783,0.743921,64,1.00000,0.01498,0.00525,0,median hit distance too short,161.551651
phase0_2026_09_01,fc3a28f,1,bistro.obj,11,,-26.114355,6.648505,-13.213759,-1.291222,3.089643,-4.186936,0.000000,1.000000,0.000000,50.000,0.931375,-0.133530,0.338690,64,1.00000,0.14719,0.07716,1,,161.551651
phase0_2026_09_01,fc3a28f,1,bistro.obj,12,,-19.909534,1.808275,-16.514532,-1.431796,5.485239,0.450972,0.000000,1.000000,0.000000,50.000,0.728818,0.145031,0.669171,64,1.00000,0.00022,0.00020,0,median hit distance too short,161.551651
phase0_2026_09_01,fc3a28f,1,bistro.obj,13,,-20.600807,3.655551,-17.698229,0.439977,0.279047,4.658979,0.000000,1.000000,0.000000,50.000,0.681235,-0.109321,0.723857,64,1.00000,0.00695,0.00602,0,median hit distance too short,161.551651
phase0_2026_09_01,fc3a28f,1,bistro.obj,14,,-20.391657,3.616987,-18.754993,-2.271941,3.239388,9.872861,0.000000,1.000000,0.000000,50.000,0.534782,-0.011144,0.844917,64,1.00000,0.05207,0.01517,1,,161.551651
phase0_2026_09_01,fc3a28f,1,bistro.obj,15,,-19.883871,3.134103,-18.582655,7.506803,2.283725,7.345083,0.000000,1.000000,0.000000,50.000,0.726050,-0.022541,0.687272,64,1.00000,0.01835,0.01826,0,median hit distance too short,161.551651
phase0_2026_09_01,fc3a28f,1,bistro.obj,16,,-21.293812,3.763903,-17.677507,7.646072,7.240678,14.910975,0.000000,1.000000,0.000000,50.000,0.661907,0.079520,0.745357,64,0.99805,0.00869,0.00787,0,median hit distance too short,161.551651
phase0_2026_09_01,fc3a28f,1,bistro.obj,17,,-21.322567,3.589875,-17.377577,8.920168,10.433782,10.952499,0.000000,1.000000,0.000000,50.000,0.720054,0.162948,0.674515,64,1.00000,0.00762,0.00685,0,median hit distance too short,161.551651
phase0_2026_09_01,fc3a28f,1,bistro.obj,18,,-19.196737,1.764509,-16.323906,16.773514,10.469630,-31.636404,0.000000,1.000000,0.000000,50.000,0.898103,0.217349,-0.382322,64,1.00000,0.01428,0.00996,0,median hit distance too short,161.551651
phase0_2026_09_01,fc3a28f,1,bistro.obj,19,,-19.777115,1.978736,-15.801726,20.805241,24.209942,-29.708532,0.000000,1.000000,0.000000,50.000,0.839915,0.460109,-0.287823,64,1.00000,0.00090,0.00074,0,median hit distance too short,161.551651
phase0_2026_09_01,fc3a28f,1,bistro.obj,20,,-20.530121,4.033794,-15.522013,21.780224,17.504087,8.637518,0.000000,1.000000,0.000000,50.000,0.837001,0.266475,0.477934,64,0.90454,0.04452,0.02849,0,median hit distance too short,161.551651
phase0_2026_09_01,fc3a28f,1,bistro.obj,21,,-24.606720,4.761751,-11.689213,21.961803,3.243114,19.007881,0.000000,1.000000,0.000000,50.000,0.834614,-0.027217,0.550162,64,0.99902,0.17067,0.11289,1,,161.551651
phase0_2026_09_01,fc3a28f,1,bistro.obj,22,,-19.985571,3.475356,-16.170410,33.118328,0.234954,20.336891,0.000000,1.000000,0.000000,50.000,0.823014,-0.050220,0.565797,64,1.00000,0.00025,0.00020,0,median hit distance too short,161.551651
phase0_2026_09_01,fc3a28f,1,bistro.obj,23,,-19.996635,3.429823,-6.497382,33.654221,3.243329,24.502125,0.000000,1.000000,0.000000,50.000,0.865853,-0.003010,0.500290,64,1.00000,0.17238,0.09226,1,,161.551651
phase0_2026_09_01,fc3a28f,1,bistro.obj,24,,-21.367285,7.108475,-7.515807,46.102631,1.126678,27.087683,0.000000,1.000000,0.000000,50.000,0.887043,-0.078644,0.454940,64,1.00000,0.00514,0.00424,0,median hit distance too short,161.551651
phase0_2026_09_01,fc3a28f,1,bistro.obj,25,,-25.233746,8.908883,-13.343304,49.004051,3.256559,34.553265,0.000000,1.000000,0.000000,50.000,0.838576,-0.063848,0.541030,64,0.99902,0.21436,0.15825,1,,161.551651
phase0_2026_09_01,fc3a28f,1,bistro.obj,26,,-22.956741,9.239395,-9.805849,61.105553,15.197155,19.862724,0.000000,1.000000,0.000000,50.000,0.940893,0.066684,0.332075,64,0.93335,0.15421,0.13938,1,,161.551651
phase0_2026_09_01,fc3a28f,1,bistro.obj,27,,-25.682997,13.215450,-11.045485,-27.052946,5.311424,-21.927549,0.000000,1.000000,0.000000,50.000,-0.101333,-0.584650,-0.804932,64,1.00000,0.00206,0.00150,0,median hit distance too short,161.551651
phase0_2026_09_01,fc3a28f,1,bistro.obj,28,B,-23.676586,15.031267,-9.973138,-20.579361,3.206139,-18.589823,0.000000,1.000000,0.000000,50.000,0.207093,-0.790676,-0.576146,64,0.99780,0.11553,0.09298,1,,161.551651
phase0_2026_09_01,fc3a28f,1,bistro.obj,29,,-1.050008,6.781709,-19.167072,-26.291937,15.806220,-12.658259,0.000000,1.000000,0.000000,50.000,-0.915042,0.327147,0.235950,64,1.00000,0.00790,0.00643,0,median hit distance too short,161.551651
phase0_2026_09_01,fc3a28f,1,bistro.obj,30,,-1.722585,1.686346,-16.408335,-12.735977,7.750315,-10.748655,0.000000,1.000000,0.000000,50.000,-0.798788,0.439813,0.410490,64,0.99219,0.03186,0.02517,0,median hit distance too short,161.551651
phase0_2026_09_01,fc3a28f,1,bistro.obj,31,C,-2.961967,4.534201,-17.522375,-4.600842,3.932216,-6.782835,0.000000,1.000000,0.000000,50.000,-0.150625,-0.055327,0.987042,64,0.94458,0.15148,0.09040,1,,161.551651
phase0_2026_09_01,fc3a28f,1,bistro.obj,32,,-2.387169,3.450859,-17.788801,-1.086019,3.164273,-16.995821,0.000000,1.000000,0.000000,50.000,0.839200,-0.184839,0.511447,64,0.00000,0.00000,0.00000,0,eye and target too close,161.551651
phase0_2026_09_01,fc3a28f,1,bistro.obj,33,,-4.092728,7.219067,-16.175066,3.440120,3.261452,-20.898159,0.000000,1.000000,0.000000,50.000,0.774019,-0.406655,-0.485310,64,1.00000,0.09886,0.07037,1,,161.551651
phase0_2026_09_01,fc3a28f,1,bistro.obj,34,,-17.786806,4.117472,-14.875733,-5.551562,13.853522,-15.860533,0.000000,1.000000,0.000000,50.000,0.780946,0.621428,-0.062857,64,1.00000,0.00105,0.00084,0,median hit distance too short,161.551651
phase0_2026_09_01,fc3a28f,1,bistro.obj,35,,-15.740569,1.814024,-11.617115,-13.856428,8.670713,2.499314,0.000000,1.000000,0.000000,50.000,0.119202,0.433796,0.893091,64,1.00000,0.00043,0.00041,0,median hit distance too short,161.551651
phase0_2026_09_01,fc3a28f,1,bistro.obj,36,,-15.131024,2.392656,-12.019336,-4.163789,3.221247,-4.584363,0.000000,1.000000,0.000000,50.000,0.826110,0.062414,0.560041,64,1.00000,0.00024,0.00021,0,median hit distance too short,161.551651
phase0_2026_09_01,fc3a28f,1,bistro.obj,37,,-14.822706,2.837164,-11.607430,-11.118547,2.692535,5.629105,0.000000,1.000000,0.000000,50.000,0.210098,-0.008203,0.977646,64,1.00000,0.00021,0.00020,0,median hit distance too short,161.551651
phase0_2026_09_01,fc3a28f,1,bistro.obj,38,,-14.371382,2.985175,-11.119328,-1.573068,3.346894,-3.361354,0.000000,1.000000,0.000000,50.000,0.854906,0.024162,0.518220,64,1.00000,0.02798,0.01698,0,median hit distance too short,161.551651
phase0_2026_09_01,fc3a28f,1,bistro.obj,39,,-10.662601,3.792355,-7.856025,-0.385040,4.147640,0.795349,0.000000,1.000000,0.000000,50.000,0.764769,0.026437,0.643762,64,1.00000,0.00021,0.00020,0,median hit distance too short,161.551651
phase0_2026_09_01,fc3a28f,1,bistro.obj,40,,-16.510815,8.889046,-14.387908,2.474321,1.130276,2.972761,0.000000,1.000000,0.000000,50.000,0.706541,-0.288746,0.646085,64,1.00000,0.00116,0.00070,0,median hit distance too short,161.551651
phase0_2026_09_01,fc3a28f,1,bistro.obj,41,,-12.945277,8.048160,-10.386507,-2.396431,3.184068,9.894661,0.000000,1.000000,0.000000,50.000,0.451340,-0.208114,0.867745,64,1.00000,0.14762,0.00255,0,near-field: eye pressed against a surface,161.551651
phase0_2026_09_01,fc3a28f,1,bistro.obj,42,,-8.827895,0.308810,-8.723375,7.084836,2.490965,7.064653,0.000000,1.000000,0.000000,50.000,0.706543,0.096890,0.701006,64,1.00000,0.00033,0.00033,0,median hit distance too short,161.551651
phase0_2026_09_01,fc3a28f,1,bistro.obj,43,,-2.810585,0.745429,-11.901690,7.655186,6.825084,14.917468,0.000000,1.000000,0.000000,50.000,0.355690,0.206624,0.911477,64,1.00000,0.04239,0.03598,0,median hit distance too short,161.551651
phase0_2026_09_01,fc3a28f,1,bistro.obj,44,,-5.418502,3.830365,-14.944493,7.615839,17.281942,13.896465,0.000000,1.000000,0.000000,50.000,0.379021,0.391153,0.838655,64,1.00000,0.00493,0.00337,0,median hit distance too short,161.551651
phase0_2026_09_01,fc3a28f,1,bistro.obj,45,,-5.145341,2.214757,-12.431275,16.780025,7.223021,-31.672049,0.000000,1.000000,0.000000,50.000,0.740785,0.169212,-0.650081,64,1.00000,0.12154,0.03476,1,,161.551651
phase0_2026_09_01,fc3a28f,1,bistro.obj,46,,-5.402171,1.952532,-11.548593,19.884285,20.159473,-29.639717,0.000000,1.000000,0.000000,50.000,0.701810,0.505322,-0.502108,64,0.68579,0.12505,0.08944,1,,161.551651
phase0_2026_09_01,fc3a28f,1,bistro.obj,47,,-5.618076,3.588815,-12.008818,23.373510,12.474020,10.177429,0.000000,1.000000,0.000000,50.000,0.771618,0.236482,0.590492,64,1.00000,0.00067,0.00050,0,median hit distance too short,161.551651
phase0_2026_09_01,fc3a28f,1,bistro.obj,48,,-10.207952,2.395158,-7.574065,21.899954,3.182202,18.991201,0.000000,1.000000,0.000000,50.000,0.770337,0.018883,0.637357,64,1.00000,0.00026,0.00020,0,median hit distance too short,161.551651
phase0_2026_09_01,fc3a28f,1,bistro.obj,49,,-10.160392,2.429067,-6.635323,32.618042,0.346148,16.867584,0.000000,1.000000,0.000000,50.000,0.875637,-0.042636,0.481084,64,0.99976,0.05754,0.04296,1,,161.551651
phase0_2026_09_01,fc3a28f,1,bistro.obj,50,,-10.535647,2.886274,-7.071762,33.782455,3.232966,24.410011,0.000000,1.000000,0.000000,50.000,0.815228,0.006377,0.579105,64,1.00000,0.00054,0.00022,0,median hit distance too short,161.551651
phase0_2026_09_01,fc3a28f,1,bistro.obj,51,,-8.210310,4.145124,-11.653129,43.382504,1.105138,27.254644,0.000000,1.000000,0.000000,50.000,0.797532,-0.046993,0.601444,64,1.00000,0.06167,0.05877,1,,161.551651
phase0_2026_09_01,fc3a28f,1,bistro.obj,52,,-6.830309,4.455308,-13.167597,48.931412,3.189270,34.772331,0.000000,1.000000,0.000000,50.000,0.758175,-0.017214,0.651824,64,1.00000,0.00619,0.00568,0,median hit distance too short,161.551651
phase0_2026_09_01,fc3a28f,1,bistro.obj,53,,-9.281833,4.336520,-10.170701,59.867229,11.563991,23.541937,0.000000,1.000000,0.000000,50.000,0.894923,0.093537,0.436307,64,1.00000,0.06271,0.06016,1,,161.551651
phase0_2026_09_01,fc3a28f,1,bistro.obj,54,,-7.260392,4.354324,-7.585284,-27.010502,2.815793,-21.128265,0.000000,1.000000,0.000000,50.000,-0.823031,-0.064114,-0.564366,64,1.00000,0.02463,0.01980,0,median hit distance too short,161.551651
phase0_2026_09_01,fc3a28f,1,bistro.obj,55,,-9.205837,8.234237,-9.509404,-20.343985,3.190706,-18.578346,0.000000,1.000000,0.000000,50.000,-0.731663,-0.331309,-0.595738,64,1.00000,0.00437,0.00383,0,median hit distance too short,161.551651
phase0_2026_09_01,fc3a28f,1,bistro.obj,56,,-4.750288,8.424028,-14.484931,-21.735182,13.148693,-7.352617,0.000000,1.000000,0.000000,50.000,-0.893102,0.248433,0.375032,64,1.00000,0.01342,0.00993,0,median hit distance too short,161.551651
phase0_2026_09_01,fc3a28f,1,bistro.obj,57,,8.029823,2.935727,-31.544914,-14.058216,7.446733,-11.626869,0.000000,1.000000,0.000000,50.000,-0.734248,0.149954,0.662113,64,1.00000,0.01995,0.01357,0,median hit distance too short,161.551651
phase0_2026_09_01,fc3a28f,1,bistro.obj,58,,6.929849,1.140229,-31.415361,-7.735033,4.273379,-8.520513,0.000000,1.000000,0.000000,50.000,-0.535825,0.114479,0.836532,64,1.00000,0.00119,0.00110,0,median hit distance too short,161.551651
phase0_2026_09_01,fc3a28f,1,bistro.obj,59,,1.707559,0.974190,-26.043568,-1.394056,3.395799,-17.839527,0.000000,1.000000,0.000000,50.000,-0.340877,0.266142,0.901649,64,1.00000,0.01250,0.01141,0,median hit distance too short,161.551651
phase0_2026_09_01,fc3a28f,1,bistro.obj,60,,0.865463,0.765353,-21.962450,3.536636,3.090405,-20.692028,0.000000,1.000000,0.000000,50.000,0.709982,0.617985,0.337670,64,1.00000,0.05391,0.00425,0,near-field: eye pressed against a surface,161.551651
phase0_2026_09_01,fc3a28f,1,bistro.obj,61,,2.391428,5.029271,-23.211607,-2.496385,14.421581,-18.525858,0.000000,1.000000,0.000000,50.000,-0.422144,0.811183,0.404693,64,0.80347,0.01977,0.01161,0,median hit distance too short,161.551651
phase0_2026_09_01,fc3a28f,1,bistro.obj,62,,7.754573,0.808999,-26.219521,-13.416288,7.086240,2.647577,0.000000,1.000000,0.000000,50.000,-0.582506,0.172715,0.794264,64,0.91406,0.21878,0.04699,1,,161.551651
phase0_2026_09_01,fc3a28f,1,bistro.obj,63,,6.092355,3.474333,-28.067402,-4.199446,3.110333,-4.690805,0.000000,1.000000,0.000000,50.000,-0.402898,-0.014250,0.915134,64,0.99316,0.13120,0.07613,1,,161.551651
phase0_2026_09_01,fc3a28f,1,san-miguel.obj,0,A,-21.493711,4.492008,5.214732,6.035697,1.005987,-2.644687,0.000000,1.000000,0.000000,50.000,0.954530,-0.120871,-0.272511,64,0.98999,0.26007,0.19229,1,,75.647339
phase0_2026_09_01,fc3a28f,1,san-miguel.obj,1,,8.476574,2.205222,-2.850077,8.264743,0.843391,-2.047327,0.000000,1.000000,0.000000,50.000,-0.132814,-0.853840,0.503308,64,1.00000,0.02154,0.00544,0,median hit distance too short,75.647339
phase0_2026_09_01,fc3a28f,1,san-miguel.obj,2,,7.239108,0.237839,-1.097986,7.989927,0.829301,-1.279687,0.000000,1.000000,0.000000,50.000,0.771718,0.607925,-0.186758,64,0.00000,0.00000,0.00000,0,eye and target too close,75.647339
phase0_2026_09_01,fc3a28f,1,san-miguel.obj,3,,6.861922,0.752756,-1.975693,10.090433,0.374827,0.086344,0.000000,1.000000,0.000000,50.000,0.838698,-0.098178,0.535673,64,1.00000,0.01276,0.01037,0,median hit distance too short,75.647339
phase0_2026_09_01,fc3a28f,1,san-miguel.obj,4,,7.815649,0.629800,-1.987681,11.221000,0.822341,-1.611680,0.000000,1.000000,0.000000,50.000,0.992393,0.056111,0.109575,64,1.00000,0.01068,0.00799,0,median hit distance too short,75.647339
phase0_2026_09_01,fc3a28f,1,san-miguel.obj,5,B,7.616316,1.127964,-1.516448,7.700650,3.454993,-1.740410,0.000000,0.000000,1.000000,50.000,0.036051,0.994753,-0.095739,64,1.00000,0.05695,0.02843,1,,75.647339
phase0_2026_09_01,fc3a28f,1,san-miguel.obj,6,,8.034843,0.766413,-1.857540,8.222693,5.587287,-0.065990,0.000000,1.000000,0.000000,50.000,0.036501,0.936741,0.348115,64,1.00000,0.00060,0.00056,0,median hit distance too short,75.647339
phase0_2026_09_01,fc3a28f,1,san-miguel.obj,7,,7.951912,1.124105,-1.925723,9.440090,6.227830,-3.040867,0.000000,1.000000,0.000000,50.000,0.273967,0.939573,-0.205293,64,1.00000,0.05785,0.03774,1,,75.647339
phase0_2026_09_01,fc3a28f,1,san-miguel.obj,8,,8.004164,1.123341,-1.945507,7.595304,6.468650,-0.465515,0.000000,0.000000,1.000000,50.000,-0.073517,0.961134,0.266116,64,1.00000,0.05693,0.02850,1,,75.647339
phase0_2026_09_01,fc3a28f,1,san-miguel.obj,9,,7.598773,1.067477,-1.428095,10.508034,6.396357,0.182021,0.000000,1.000000,0.000000,50.000,0.463171,0.848388,0.256340,64,0.98853,0.05845,0.04148,1,,75.647339
phase0_2026_09_01,fc3a28f,1,san-miguel.obj,10,,7.851165,0.878289,-1.257659,6.562730,10.939466,-2.032415,0.000000,0.000000,1.000000,50.000,-0.126654,0.989019,-0.076159,64,1.00000,0.06049,0.05710,1,,75.647339
phase0_2026_09_01,fc3a28f,1,san-miguel.obj,11,,8.230595,0.794096,-1.595932,6.310137,0.350577,3.374213,0.000000,1.000000,0.000000,50.000,-0.359186,-0.082952,0.929572,64,1.00000,0.00169,0.00072,0,median hit distance too short,75.647339
phase0_2026_09_01,fc3a28f,1,san-miguel.obj,12,,8.309569,0.929799,-1.432751,6.644710,0.451830,8.771853,0.000000,1.000000,0.000000,50.000,-0.160847,-0.046178,0.985898,64,1.00000,0.06025,0.00911,1,,75.647339
phase0_2026_09_01,fc3a28f,1,san-miguel.obj,13,,8.269375,0.254838,-2.606987,8.603287,0.421911,9.826664,0.000000,1.000000,0.000000,50.000,0.026843,0.013431,0.999549,64,1.00000,0.02362,0.00332,0,median hit distance too short,75.647339
phase0_2026_09_01,fc3a28f,1,san-miguel.obj,14,,8.299133,0.769708,-1.855242,8.985253,0.501717,4.973510,0.000000,1.000000,0.000000,50.000,0.099896,-0.039018,0.994233,64,1.00000,0.00862,0.00083,0,median hit distance too short,75.647339
phase0_2026_09_01,fc3a28f,1,san-miguel.obj,15,,8.091148,0.893198,-1.860070,8.420880,0.772058,7.767517,0.000000,1.000000,0.000000,50.000,0.034226,-0.012574,0.999335,64,1.00000,0.00202,0.00189,0,median hit distance too short,75.647339
phase0_2026_09_01,fc3a28f,1,san-miguel.obj,16,,8.250199,1.130296,-1.795655,12.133133,-0.101192,2.801063,0.000000,1.000000,0.000000,50.000,0.632199,-0.200504,0.748413,64,1.00000,0.02695,0.02417,0,median hit distance too short,75.647339
phase0_2026_09_01,fc3a28f,1,san-miguel.obj,17,,8.417717,1.086946,-1.943662,11.914200,0.715765,2.251187,0.000000,1.000000,0.000000,50.000,0.638794,-0.067813,0.766383,64,1.00000,0.03066,0.02462,0,median hit distance too short,75.647339
phase0_2026_09_01,fc3a28f,1,san-miguel.obj,18,,8.132656,1.131096,-1.304525,9.527381,0.727701,3.837217,0.000000,1.000000,0.000000,50.000,0.261048,-0.075503,0.962369,64,1.00000,0.06888,0.00762,1,,75.647339
phase0_2026_09_01,fc3a28f,1,san-miguel.obj,19,,8.414304,0.747261,-1.126129,9.285764,0.428444,6.617040,0.000000,1.000000,0.000000,50.000,0.111746,-0.040881,0.992896,64,1.00000,0.06411,0.00399,0,near-field: eye pressed against a surface,75.647339
phase0_2026_09_01,fc3a28f,1,san-miguel.obj,20,,8.286827,1.185003,-1.681885,11.338202,0.822356,5.098983,0.000000,1.000000,0.000000,50.000,0.409876,-0.048713,0.910840,64,1.00000,0.02730,0.02182,0,median hit distance too short,75.647339
phase0_2026_09_01,fc3a28f,1,san-miguel.obj,21,,9.597725,0.166320,-2.775762,9.817257,0.638313,7.280893,0.000000,1.000000,0.000000,50.000,0.021800,0.046871,0.998663,64,1.00000,0.00298,0.00247,0,median hit distance too short,75.647339
phase0_2026_09_01,fc3a28f,1,san-miguel.obj,22,,9.303157,0.503714,-1.757390,11.830367,-0.083996,12.177867,0.000000,1.000000,0.000000,50.000,0.178290,-0.041462,0.983104,64,1.00000,0.01953,0.01886,0,median hit distance too short,75.647339
phase0_2026_09_01,fc3a28f,1,san-miguel.obj,23,,8.640219,1.387571,-2.508965,9.508730,0.838858,11.047767,0.000000,1.000000,0.000000,50.000,0.063882,-0.040360,0.997141,64,1.00000,0.11990,0.02985,1,,75.647339
phase0_2026_09_01,fc3a28f,1,san-miguel.obj,24,,8.949004,0.636362,-1.595659,11.886801,0.423414,11.263034,0.000000,1.000000,0.000000,50.000,0.222700,-0.016143,0.974753,64,1.00000,0.01846,0.01768,0,median hit distance too short,75.647339
phase0_2026_09_01,fc3a28f,1,san-miguel.obj,25,,6.738194,1.426510,-1.116895,11.832869,0.698916,11.736134,0.000000,1.000000,0.000000,50.000,0.367978,-0.052553,0.928348,64,1.00000,0.00185,0.00147,0,median hit distance too short,75.647339
phase0_2026_09_01,fc3a28f,1,san-miguel.obj,26,,8.290686,0.482110,-0.919765,6.402514,4.380147,3.375440,0.000000,1.000000,0.000000,50.000,-0.309542,0.639034,0.704145,64,1.00000,0.00061,0.00049,0,median hit distance too short,75.647339
phase0_2026_09_01,fc3a28f,1,san-miguel.obj,27,,8.096148,0.900591,-0.665386,6.369270,10.653800,2.045398,0.000000,1.000000,0.000000,50.000,-0.168162,0.949758,0.263973,64,1.00000,0.00092,0.00063,0,median hit distance too short,75.647339
phase0_2026_09_01,fc3a28f,1,san-miguel.obj,28,,7.961989,1.130899,-1.126575,7.200620,6.468447,2.601344,0.000000,1.000000,0.000000,50.000,-0.116153,0.814286,0.568724,64,0.86963,0.06675,0.05585,1,,75.647339
phase0_2026_09_01,fc3a28f,1,san-miguel.obj,29,,8.267122,1.221427,-0.722539,7.458473,6.831711,4.612790,0.000000,1.000000,0.000000,50.000,-0.103882,0.720720,0.685398,64,0.91650,0.07971,0.06246,1,,75.647339
phase0_2026_09_01,fc3a28f,1,san-miguel.obj,30,,6.833340,0.738200,-0.248631,7.745161,6.544724,0.648917,0.000000,0.000000,1.000000,50.000,0.153355,0.976573,0.150954,64,1.00000,0.00533,0.00404,0,median hit distance too short,75.647339
phase0_2026_09_01,fc3a28f,1,san-miguel.obj,31,,6.914622,1.396884,-0.456612,7.803913,5.831013,2.650467,0.000000,1.000000,0.000000,50.000,0.162075,0.808127,0.566270,64,0.86401,0.06406,0.05253,1,,75.647339
phase0_2026_09_01,fc3a28f,1,san-miguel.obj,32,,9.533896,0.633267,0.451684,7.881057,6.031343,2.532216,0.000000,1.000000,0.000000,50.000,-0.274712,0.897194,0.345797,64,0.75269,0.07428,0.06614,1,,75.647339
phase0_2026_09_01,fc3a28f,1,san-miguel.obj,33,,10.722565,0.613684,-2.662288,7.728764,6.077247,2.693566,0.000000,1.000000,0.000000,50.000,-0.364398,0.665011,0.651901,64,0.96606,0.04666,0.00424,0,median hit distance too short,75.647339
phase0_2026_09_01,fc3a28f,1,san-miguel.obj,34,,11.315353,0.811122,-2.365692,7.104784,1.528785,7.905044,0.000000,1.000000,0.000000,50.000,-0.378530,0.064518,0.923338,64,1.00000,0.00065,0.00048,0,median hit distance too short,75.647339
phase0_2026_09_01,fc3a28f,1,san-miguel.obj,35,,12.203203,0.493251,-2.596354,7.263471,6.009600,6.554343,0.000000,1.000000,0.000000,50.000,-0.419638,0.468622,0.777366,64,1.00000,0.00065,0.00049,0,median hit distance too short,75.647339
phase0_2026_09_01,fc3a28f,1,san-miguel.obj,36,,10.881971,0.008805,-1.016281,7.399293,6.356132,9.488111,0.000000,1.000000,0.000000,50.000,-0.272986,0.497528,0.823374,64,1.00000,0.11839,0.01618,1,,75.647339
phase0_2026_09_01,fc3a28f,1,san-miguel.obj,37,,10.732347,0.824401,-0.984392,7.056953,6.912182,11.782265,0.000000,1.000000,0.000000,50.000,-0.251505,0.416583,0.873615,64,1.00000,0.00126,0.00113,0,median hit distance too short,75.647339
phase0_2026_09_01,fc3a28f,1,san-miguel.obj,38,,12.039382,0.303257,-1.468645,8.561383,9.315559,9.281662,0.000000,1.000000,0.000000,50.000,-0.240643,0.623562,0.743815,64,1.00000,0.00441,0.00355,0,median hit distance too short,75.647339
phase0_2026_09_01,fc3a28f,1,san-miguel.obj,39,,11.988854,0.390167,-1.155149,16.641167,0.387051,-2.856773,0.000000,1.000000,0.000000,50.000,0.939151,-0.000629,-0.343503,64,1.00000,0.02901,0.00356,0,median hit distance too short,75.647339
phase0_2026_09_01,fc3a28f,1,san-miguel.obj,40,,10.167773,0.533168,-0.075285,16.567167,0.945810,-2.777313,0.000000,1.000000,0.000000,50.000,0.919625,0.059299,-0.388295,64,1.00000,0.00187,0.00123,0,median hit distance too short,75.647339
phase0_2026_09_01,fc3a28f,1,san-miguel.obj,41,,10.280355,0.558061,0.074746,15.277967,0.489197,-1.307500,0.000000,1.000000,0.000000,50.000,0.963730,-0.013280,-0.266550,64,1.00000,0.00270,0.00205,0,median hit distance too short,75.647339
phase0_2026_09_01,fc3a28f,1,san-miguel.obj,42,,10.461497,0.439322,-0.238681,17.844135,1.092304,-2.988480,0.000000,1.000000,0.000000,50.000,0.933904,0.082602,-0.347850,64,1.00000,0.06597,0.02329,1,,75.647339
phase0_2026_09_01,fc3a28f,1,san-miguel.obj,43,,10.436014,1.028701,-2.549537,18.220968,0.850543,-1.591363,0.000000,1.000000,0.000000,50.000,0.992255,-0.022708,0.122127,64,1.00000,0.05040,0.01462,1,,75.647339
phase0_2026_09_01,fc3a28f,1,san-miguel.obj,44,,10.836432,1.110172,-1.882249,19.621868,0.841570,-2.560343,0.000000,1.000000,0.000000,50.000,0.996572,-0.030469,-0.076919,64,1.00000,0.02548,0.00669,0,median hit distance too short,75.647339
phase0_2026_09_01,fc3a28f,1,san-miguel.obj,45,,9.937263,1.221416,-0.389916,21.750433,0.878749,-1.715350,0.000000,1.000000,0.000000,50.000,0.993352,-0.028814,-0.111454,64,1.00000,0.07866,0.03574,1,,75.647339
phase0_2026_09_01,fc3a28f,1,san-miguel.obj,46,,10.105445,0.909327,-0.158663,22.924566,0.935128,-0.045610,0.000000,1.000000,0.000000,50.000,0.999959,0.002013,0.008819,64,1.00000,0.00250,0.00222,0,median hit distance too short,75.647339
phase0_2026_09_01,fc3a28f,1,san-miguel.obj,47,,10.608468,0.973051,0.231378,12.909834,0.694041,4.687337,0.000000,1.000000,0.000000,50.000,0.458173,-0.055547,0.887126,64,1.00000,0.05712,0.02477,1,,75.647339
phase0_2026_09_01,fc3a28f,1,san-miguel.obj,48,,11.042859,1.027235,-1.776760,15.008433,0.861287,3.704393,0.000000,1.000000,0.000000,50.000,0.585991,-0.024522,0.809947,64,1.00000,0.07200,0.02929,1,,75.647339
phase0_2026_09_01,fc3a28f,1,san-miguel.obj,49,,11.252291,1.090545,-1.990504,17.847534,0.720155,2.630237,0.000000,1.000000,0.000000,50.000,0.818129,-0.045946,0.573196,64,1.00000,0.00255,0.00224,0,median hit distance too short,75.647339
phase0_2026_09_01,fc3a28f,1,san-miguel.obj,50,C,11.991792,0.986081,-1.921503,17.967867,0.533675,3.747573,0.000000,1.000000,0.000000,50.000,0.724404,-0.054840,0.687191,64,1.00000,0.06806,0.02610,1,,75.647339
phase0_2026_09_01,fc3a28f,1,san-miguel.obj,51,,11.124374,0.839291,-1.890854,12.975035,0.456837,7.149727,0.000000,1.000000,0.000000,50.000,0.200375,-0.041409,0.978844,64,1.00000,0.00264,0.00067,0,median hit distance too short,75.647339
phase0_2026_09_01,fc3a28f,1,san-miguel.obj,52,,11.844169,1.098698,-1.979186,12.738967,0.775728,7.637740,0.000000,1.000000,0.000000,50.000,0.092592,-0.033420,0.995143,64,1.00000,0.10087,0.01283,1,,75.647339
phase0_2026_09_01,fc3a28f,1,san-miguel.obj,53,,11.272600,0.844872,-1.527647,14.299601,0.457805,12.322901,0.000000,1.000000,0.000000,50.000,0.213428,-0.027291,0.976577,64,1.00000,0.05155,0.00133,0,near-field: eye pressed against a surface,75.647339
phase0_2026_09_01,fc3a28f,1,san-miguel.obj,54,,11.500648,0.946950,-1.887681,16.375233,0.729216,6.316640,0.000000,1.000000,0.000000,50.000,0.510659,-0.022810,0.859481,64,1.00000,0.00591,0.00176,0,median hit distance too short,75.647339
phase0_2026_09_01,fc3a28f,1,san-miguel.obj,55,,11.422473,1.082091,-1.487288,16.867434,0.704094,6.801733,0.000000,1.000000,0.000000,50.000,0.548631,-0.038087,0.835197,64,1.00000,0.06706,0.02263,1,,75.647339
phase0_2026_09_01,fc3a28f,1,san-miguel.obj,56,,11.146452,0.924960,-1.512156,15.205667,0.716622,11.881067,0.000000,1.000000,0.000000,50.000,0.290019,-0.014885,0.956905,64,1.00000,0.16276,0.04411,1,,75.647339
phase0_2026_09_01,fc3a28f,1,san-miguel.obj,57,,11.258001,1.218522,-1.516146,19.884634,-0.108199,2.762107,0.000000,1.000000,0.000000,50.000,0.887495,-0.136491,0.440140,64,1.00000,0.02935,0.01246,0,median hit distance too short,75.647339
phase0_2026_09_01,fc3a28f,1,san-miguel.obj,58,,11.610147,0.923192,-1.516486,20.591068,0.703387,2.899177,0.000000,1.000000,0.000000,50.000,0.897180,-0.021958,0.441118,64,1.00000,0.03640,0.00843,0,median hit distance too short,75.647339
phase0_2026_09_01,fc3a28f,1,san-miguel.obj,59,,11.733814,1.126238,-1.757800,20.594900,0.974518,4.106417,0.000000,1.000000,0.000000,50.000,0.833836,-0.014277,0.551828,64,1.00000,0.06826,0.02607,1,,75.647339
phase0_2026_09_01,fc3a28f,1,san-miguel.obj,60,,11.804146,0.742281,-1.072796,19.335234,0.697196,7.179957,0.000000,1.000000,0.000000,50.000,0.674067,-0.004035,0.738659,64,1.00000,0.01767,0.00285,0,median hit distance too short,75.647339
phase0_2026_09_01,fc3a28f,1,san-miguel.obj,61,,11.718986,0.917312,-1.615804,20.989302,0.496238,6.191347,0.000000,1.000000,0.000000,50.000,0.764427,-0.034722,0.643775,64,1.00000,0.02274,0.00800,0,median hit distance too short,75.647339
phase0_2026_09_01,fc3a28f,1,san-miguel.obj,62,,11.339585,1.003635,-1.287650,21.401867,0.702659,6.003827,0.000000,1.000000,0.000000,50.000,0.809514,-0.024214,0.586602,64,1.00000,0.02389,0.00958,0,median hit distance too short,75.647339
phase0_2026_09_01,fc3a28f,1,san-miguel.obj,63,,6.513693,3.544922,-0.524614,22.006634,0.473340,6.884540,0.000000,1.000000,0.000000,50.000,0.888053,-0.176063,0.424692,64,1.00000,0.13902,0.03654,1,,75.647339
