run_id,git_commit,dirty,scene,scene_sha256,builder,layout,mode,ray_set,ray_seed,rayset_hash,query_kind,ratio_bin,candidate_count,relevant_hit_count,false_positive_count,invalid_count,probe_node_steps,probe_prim_steps,probe_box_tests,probe_tri_tests,false_positive_node_steps,false_positive_prim_steps,false_positive_box_tests,false_positive_tri_tests,source_analytic,source_steps
e2e4_2026_09_02,ca4d67f,1,intel-sponza.obj,f464f3684ce831af16f89da4cc6395e92c625bb6cf123b2bbe49ec33aed414a3,binned_sah,bvh2/slot32_aos,robust,primary,A,8269058876172130199,closest_improves_incumbent,q_00_10,5593,363,5230,0,1620,6435,3240,6435,1389,5982,2778,5982,S-analytic,S-probe-counterfactual
e2e4_2026_09_02,ca4d67f,1,intel-sponza.obj,f464f3684ce831af16f89da4cc6395e92c625bb6cf123b2bbe49ec33aed414a3,binned_sah,bvh2/slot32_aos,robust,primary,A,8269058876172130199,closest_improves_incumbent,q_10_20,2978,396,2582,0,4046,6145,8092,6145,3467,5331,6934,5331,S-analytic,S-probe-counterfactual
e2e4_2026_09_02,ca4d67f,1,intel-sponza.obj,f464f3684ce831af16f89da4cc6395e92c625bb6cf123b2bbe49ec33aed414a3,binned_sah,bvh2/slot32_aos,robust,primary,A,8269058876172130199,closest_improves_incumbent,q_20_30,2608,572,2036,0,4765,5447,9530,5447,3607,4227,7214,4227,S-analytic,S-probe-counterfactual
e2e4_2026_09_02,ca4d67f,1,intel-sponza.obj,f464f3684ce831af16f89da4cc6395e92c625bb6cf123b2bbe49ec33aed414a3,binned_sah,bvh2/slot32_aos,robust,primary,A,8269058876172130199,closest_improves_incumbent,q_30_40,2365,591,1774,0,6369,5175,12738,5175,4264,3641,8528,3641,S-analytic,S-probe-counterfactual
e2e4_2026_09_02,ca4d67f,1,intel-sponza.obj,f464f3684ce831af16f89da4cc6395e92c625bb6cf123b2bbe49ec33aed414a3,binned_sah,bvh2/slot32_aos,robust,primary,A,8269058876172130199,closest_improves_incumbent,q_40_50,13557,6021,7536,0,8646,16116,17292,16116,4449,8492,8898,8492,S-analytic,S-probe-counterfactual
e2e4_2026_09_02,ca4d67f,1,intel-sponza.obj,f464f3684ce831af16f89da4cc6395e92c625bb6cf123b2bbe49ec33aed414a3,binned_sah,bvh2/slot32_aos,robust,primary,A,8269058876172130199,closest_improves_incumbent,q_50_60,4715,2146,2569,0,13459,8917,26918,8917,6185,3954,12370,3954,S-analytic,S-probe-counterfactual
e2e4_2026_09_02,ca4d67f,1,intel-sponza.obj,f464f3684ce831af16f89da4cc6395e92c625bb6cf123b2bbe49ec33aed414a3,binned_sah,bvh2/slot32_aos,robust,primary,A,8269058876172130199,closest_improves_incumbent,q_60_70,4091,1891,2200,0,18546,8109,37092,8109,7407,2515,14814,2515,S-analytic,S-probe-counterfactual
e2e4_2026_09_02,ca4d67f,1,intel-sponza.obj,f464f3684ce831af16f89da4cc6395e92c625bb6cf123b2bbe49ec33aed414a3,binned_sah,bvh2/slot32_aos,robust,primary,A,8269058876172130199,closest_improves_incumbent,q_70_80,5113,2954,2159,0,27236,11208,54472,11208,8143,2446,16286,2446,S-analytic,S-probe-counterfactual
e2e4_2026_09_02,ca4d67f,1,intel-sponza.obj,f464f3684ce831af16f89da4cc6395e92c625bb6cf123b2bbe49ec33aed414a3,binned_sah,bvh2/slot32_aos,robust,primary,A,8269058876172130199,closest_improves_incumbent,q_80_90,7568,4438,3130,0,41016,16280,82032,16280,10487,2954,20974,2954,S-analytic,S-probe-counterfactual
e2e4_2026_09_02,ca4d67f,1,intel-sponza.obj,f464f3684ce831af16f89da4cc6395e92c625bb6cf123b2bbe49ec33aed414a3,binned_sah,bvh2/slot32_aos,robust,primary,A,8269058876172130199,closest_improves_incumbent,q_90_100,20598,17417,3181,0,81233,41370,162466,41370,12854,2546,25708,2546,S-analytic,S-probe-counterfactual
e2e4_2026_09_02,ca4d67f,1,intel-sponza.obj,f464f3684ce831af16f89da4cc6395e92c625bb6cf123b2bbe49ec33aed414a3,binned_sah,bvh2/slot32_aos,robust,primary,A,8269058876172130199,closest_improves_incumbent,raw_gt_1,70845,54427,16418,0,887597,177225,1775194,177225,105641,11667,211282,11667,S-analytic,S-probe-counterfactual
e2e4_2026_09_02,ca4d67f,1,intel-sponza.obj,f464f3684ce831af16f89da4cc6395e92c625bb6cf123b2bbe49ec33aed414a3,binned_sah,bvh2/slot32_aos,robust,primary,A,8269058876172130199,closest_improves_incumbent,invalid,0,0,0,0,0,0,0,0,0,0,0,0,S-analytic,S-probe-counterfactual
e2e4_2026_09_02,ca4d67f,1,intel-sponza.obj,f464f3684ce831af16f89da4cc6395e92c625bb6cf123b2bbe49ec33aed414a3,binned_sah,bvh2/slot32_aos,robust,shadow_ao,A,13059770834929451202,any_occluder_in_range,q_00_10,274230,2731,271499,0,76721,342652,153442,342652,75251,339230,150502,339230,S-analytic,S-probe-counterfactual
e2e4_2026_09_02,ca4d67f,1,intel-sponza.obj,f464f3684ce831af16f89da4cc6395e92c625bb6cf123b2bbe49ec33aed414a3,binned_sah,bvh2/slot32_aos,robust,shadow_ao,A,13059770834929451202,any_occluder_in_range,q_10_20,141495,2850,138645,0,184915,296745,369830,296745,179816,291170,359632,291170,S-analytic,S-probe-counterfactual
e2e4_2026_09_02,ca4d67f,1,intel-sponza.obj,f464f3684ce831af16f89da4cc6395e92c625bb6cf123b2bbe49ec33aed414a3,binned_sah,bvh2/slot32_aos,robust,shadow_ao,A,13059770834929451202,any_occluder_in_range,q_20_30,89774,3219,86555,0,187931,231778,375862,231778,180739,224956,361478,224956,S-analytic,S-probe-counterfactual
e2e4_2026_09_02,ca4d67f,1,intel-sponza.obj,f464f3684ce831af16f89da4cc6395e92c625bb6cf123b2bbe49ec33aed414a3,binned_sah,bvh2/slot32_aos,robust,shadow_ao,A,13059770834929451202,any_occluder_in_range,q_30_40,79624,3811,75813,0,212725,210843,425450,210843,200322,201192,400644,201192,S-analytic,S-probe-counterfactual
e2e4_2026_09_02,ca4d67f,1,intel-sponza.obj,f464f3684ce831af16f89da4cc6395e92c625bb6cf123b2bbe49ec33aed414a3,binned_sah,bvh2/slot32_aos,robust,shadow_ao,A,13059770834929451202,any_occluder_in_range,q_40_50,128495,6894,121601,0,300462,262591,600924,262591,277296,246696,554592,246696,S-analytic,S-probe-counterfactual
e2e4_2026_09_02,ca4d67f,1,intel-sponza.obj,f464f3684ce831af16f89da4cc6395e92c625bb6cf123b2bbe49ec33aed414a3,binned_sah,bvh2/slot32_aos,robust,shadow_ao,A,13059770834929451202,any_occluder_in_range,q_50_60,97037,7810,89227,0,435245,243455,870490,243455,396285,222876,792570,222876,S-analytic,S-probe-counterfactual
e2e4_2026_09_02,ca4d67f,1,intel-sponza.obj,f464f3684ce831af16f89da4cc6395e92c625bb6cf123b2bbe49ec33aed414a3,binned_sah,bvh2/slot32_aos,robust,shadow_ao,A,13059770834929451202,any_occluder_in_range,q_60_70,123395,7674,115721,0,662074,316063,1324148,316063,598032,285538,1196064,285538,S-analytic,S-probe-counterfactual
e2e4_2026_09_02,ca4d67f,1,intel-sponza.obj,f464f3684ce831af16f89da4cc6395e92c625bb6cf123b2bbe49ec33aed414a3,binned_sah,bvh2/slot32_aos,robust,shadow_ao,A,13059770834929451202,any_occluder_in_range,q_70_80,129337,8169,121168,0,858035,370926,1716070,370926,774907,333831,1549814,333831,S-analytic,S-probe-counterfactual
e2e4_2026_09_02,ca4d67f,1,intel-sponza.obj,f464f3684ce831af16f89da4cc6395e92c625bb6cf123b2bbe49ec33aed414a3,binned_sah,bvh2/slot32_aos,robust,shadow_ao,A,13059770834929451202,any_occluder_in_range,q_80_90,140900,9072,131828,0,1110549,464683,2221098,464683,1003445,418344,2006890,418344,S-analytic,S-probe-counterfactual
e2e4_2026_09_02,ca4d67f,1,intel-sponza.obj,f464f3684ce831af16f89da4cc6395e92c625bb6cf123b2bbe49ec33aed414a3,binned_sah,bvh2/slot32_aos,robust,shadow_ao,A,13059770834929451202,any_occluder_in_range,q_90_100,171069,14667,156402,0,1329823,529336,2659646,529336,1185854,465294,2371708,465294,S-analytic,S-probe-counterfactual
e2e4_2026_09_02,ca4d67f,1,intel-sponza.obj,f464f3684ce831af16f89da4cc6395e92c625bb6cf123b2bbe49ec33aed414a3,binned_sah,bvh2/slot32_aos,robust,shadow_ao,A,13059770834929451202,any_occluder_in_range,raw_gt_1,1011919,96389,915530,0,16760870,4190531,33521740,4190531,14158721,3338167,28317442,3338167,S-analytic,S-probe-counterfactual
e2e4_2026_09_02,ca4d67f,1,intel-sponza.obj,f464f3684ce831af16f89da4cc6395e92c625bb6cf123b2bbe49ec33aed414a3,binned_sah,bvh2/slot32_aos,robust,shadow_ao,A,13059770834929451202,any_occluder_in_range,invalid,0,0,0,0,0,0,0,0,0,0,0,0,S-analytic,S-probe-counterfactual
e2e4_2026_09_02,ca4d67f,1,intel-sponza.obj,f464f3684ce831af16f89da4cc6395e92c625bb6cf123b2bbe49ec33aed414a3,binned_sah,bvh2/slot32_aos,robust,shadow_ao,B,10273955076000355927,any_occluder_in_range,q_00_10,273865,2898,270967,0,76467,341928,152934,341928,74945,338303,149890,338303,S-analytic,S-probe-counterfactual
e2e4_2026_09_02,ca4d67f,1,intel-sponza.obj,f464f3684ce831af16f89da4cc6395e92c625bb6cf123b2bbe49ec33aed414a3,binned_sah,bvh2/slot32_aos,robust,shadow_ao,B,10273955076000355927,any_occluder_in_range,q_10_20,142323,3071,139252,0,185738,298145,371476,298145,180410,292247,360820,292247,S-analytic,S-probe-counterfactual
e2e4_2026_09_02,ca4d67f,1,intel-sponza.obj,f464f3684ce831af16f89da4cc6395e92c625bb6cf123b2bbe49ec33aed414a3,binned_sah,bvh2/slot32_aos,robust,shadow_ao,B,10273955076000355927,any_occluder_in_range,q_20_30,89534,3350,86184,0,187348,231409,374696,231409,179689,223902,359378,223902,S-analytic,S-probe-counterfactual
e2e4_2026_09_02,ca4d67f,1,intel-sponza.obj,f464f3684ce831af16f89da4cc6395e92c625bb6cf123b2bbe49ec33aed414a3,binned_sah,bvh2/slot32_aos,robust,shadow_ao,B,10273955076000355927,any_occluder_in_range,q_30_40,80126,4055,76071,0,213713,212270,427426,212270,199673,201358,399346,201358,S-analytic,S-probe-counterfactual
e2e4_2026_09_02,ca4d67f,1,intel-sponza.obj,f464f3684ce831af16f89da4cc6395e92c625bb6cf123b2bbe49ec33aed414a3,binned_sah,bvh2/slot32_aos,robust,shadow_ao,B,10273955076000355927,any_occluder_in_range,q_40_50,128572,7056,121516,0,302484,262994,604968,262994,278175,246232,556350,246232,S-analytic,S-probe-counterfactual
e2e4_2026_09_02,ca4d67f,1,intel-sponza.obj,f464f3684ce831af16f89da4cc6395e92c625bb6cf123b2bbe49ec33aed414a3,binned_sah,bvh2/slot32_aos,robust,shadow_ao,B,10273955076000355927,any_occluder_in_range,q_50_60,97944,8316,89628,0,441441,247317,882882,247317,398083,223556,796166,223556,S-analytic,S-probe-counterfactual
e2e4_2026_09_02,ca4d67f,1,intel-sponza.obj,f464f3684ce831af16f89da4cc6395e92c625bb6cf123b2bbe49ec33aed414a3,binned_sah,bvh2/slot32_aos,robust,shadow_ao,B,10273955076000355927,any_occluder_in_range,q_60_70,123709,8087,115622,0,665846,317543,1331692,317543,599534,286234,1199068,286234,S-analytic,S-probe-counterfactual
e2e4_2026_09_02,ca4d67f,1,intel-sponza.obj,f464f3684ce831af16f89da4cc6395e92c625bb6cf123b2bbe49ec33aed414a3,binned_sah,bvh2/slot32_aos,robust,shadow_ao,B,10273955076000355927,any_occluder_in_range,q_70_80,129477,8298,121179,0,859017,369892,1718034,369892,773144,330805,1546288,330805,S-analytic,S-probe-counterfactual
e2e4_2026_09_02,ca4d67f,1,intel-sponza.obj,f464f3684ce831af16f89da4cc6395e92c625bb6cf123b2bbe49ec33aed414a3,binned_sah,bvh2/slot32_aos,robust,shadow_ao,B,10273955076000355927,any_occluder_in_range,q_80_90,140447,9693,130754,0,1109389,461433,2218778,461433,994463,412908,1988926,412908,S-analytic,S-probe-counterfactual
e2e4_2026_09_02,ca4d67f,1,intel-sponza.obj,f464f3684ce831af16f89da4cc6395e92c625bb6cf123b2bbe49ec33aed414a3,binned_sah,bvh2/slot32_aos,robust,shadow_ao,B,10273955076000355927,any_occluder_in_range,q_90_100,171030,14731,156299,0,1332163,526028,2664326,526028,1179761,457030,2359522,457030,S-analytic,S-probe-counterfactual
e2e4_2026_09_02,ca4d67f,1,intel-sponza.obj,f464f3684ce831af16f89da4cc6395e92c625bb6cf123b2bbe49ec33aed414a3,binned_sah,bvh2/slot32_aos,robust,shadow_ao,B,10273955076000355927,any_occluder_in_range,raw_gt_1,1011389,99556,911833,0,16774468,4198827,33548936,4198827,14056709,3293638,28113418,3293638,S-analytic,S-probe-counterfactual
e2e4_2026_09_02,ca4d67f,1,intel-sponza.obj,f464f3684ce831af16f89da4cc6395e92c625bb6cf123b2bbe49ec33aed414a3,binned_sah,bvh2/slot32_aos,robust,shadow_ao,B,10273955076000355927,any_occluder_in_range,invalid,0,0,0,0,0,0,0,0,0,0,0,0,S-analytic,S-probe-counterfactual
e2e4_2026_09_02,ca4d67f,1,intel-sponza.obj,f464f3684ce831af16f89da4cc6395e92c625bb6cf123b2bbe49ec33aed414a3,binned_sah,bvh2/slot32_aos,robust,diffuse_1,A,6850038901228734019,closest_improves_incumbent,q_00_10,4394,71,4323,0,1233,5451,2466,5451,1198,5349,2396,5349,S-analytic,S-probe-counterfactual
e2e4_2026_09_02,ca4d67f,1,intel-sponza.obj,f464f3684ce831af16f89da4cc6395e92c625bb6cf123b2bbe49ec33aed414a3,binned_sah,bvh2/slot32_aos,robust,diffuse_1,A,6850038901228734019,closest_improves_incumbent,q_10_20,2383,61,2322,0,3048,4885,6096,4885,2938,4741,5876,4741,S-analytic,S-probe-counterfactual
e2e4_2026_09_02,ca4d67f,1,intel-sponza.obj,f464f3684ce831af16f89da4cc6395e92c625bb6cf123b2bbe49ec33aed414a3,binned_sah,bvh2/slot32_aos,robust,diffuse_1,A,6850038901228734019,closest_improves_incumbent,q_20_30,1589,77,1512,0,3067,3918,6134,3918,2870,3709,5740,3709,S-analytic,S-probe-counterfactual
e2e4_2026_09_02,ca4d67f,1,intel-sponza.obj,f464f3684ce831af16f89da4cc6395e92c625bb6cf123b2bbe49ec33aed414a3,binned_sah,bvh2/slot32_aos,robust,diffuse_1,A,6850038901228734019,closest_improves_incumbent,q_30_40,1485,93,1392,0,3741,3651,7482,3651,3467,3411,6934,3411,S-analytic,S-probe-counterfactual
e2e4_2026_09_02,ca4d67f,1,intel-sponza.obj,f464f3684ce831af16f89da4cc6395e92c625bb6cf123b2bbe49ec33aed414a3,binned_sah,bvh2/slot32_aos,robust,diffuse_1,A,6850038901228734019,closest_improves_incumbent,q_40_50,2425,183,2242,0,5275,4686,10550,4686,4886,4331,9772,4331,S-analytic,S-probe-counterfactual
e2e4_2026_09_02,ca4d67f,1,intel-sponza.obj,f464f3684ce831af16f89da4cc6395e92c625bb6cf123b2bbe49ec33aed414a3,binned_sah,bvh2/slot32_aos,robust,diffuse_1,A,6850038901228734019,closest_improves_incumbent,q_50_60,1922,208,1714,0,8504,4748,17008,4748,7500,4173,15000,4173,S-analytic,S-probe-counterfactual
e2e4_2026_09_02,ca4d67f,1,intel-sponza.obj,f464f3684ce831af16f89da4cc6395e92c625bb6cf123b2bbe49ec33aed414a3,binned_sah,bvh2/slot32_aos,robust,diffuse_1,A,6850038901228734019,closest_improves_incumbent,q_60_70,2270,191,2079,0,12408,5687,24816,5687,10922,5020,21844,5020,S-analytic,S-probe-counterfactual
e2e4_2026_09_02,ca4d67f,1,intel-sponza.obj,f464f3684ce831af16f89da4cc6395e92c625bb6cf123b2bbe49ec33aed414a3,binned_sah,bvh2/slot32_aos,robust,diffuse_1,A,6850038901228734019,closest_improves_incumbent,q_70_80,2216,202,2014,0,14993,6302,29986,6302,13180,5548,26360,5548,S-analytic,S-probe-counterfactual
e2e4_2026_09_02,ca4d67f,1,intel-sponza.obj,f464f3684ce831af16f89da4cc6395e92c625bb6cf123b2bbe49ec33aed414a3,binned_sah,bvh2/slot32_aos,robust,diffuse_1,A,6850038901228734019,closest_improves_incumbent,q_80_90,2431,248,2183,0,19342,8264,38684,8264,16578,7158,33156,7158,S-analytic,S-probe-counterfactual
e2e4_2026_09_02,ca4d67f,1,intel-sponza.obj,f464f3684ce831af16f89da4cc6395e92c625bb6cf123b2bbe49ec33aed414a3,binned_sah,bvh2/slot32_aos,robust,diffuse_1,A,6850038901228734019,closest_improves_incumbent,q_90_100,3032,429,2603,0,23463,9375,46926,9375,19772,7750,39544,7750,S-analytic,S-probe-counterfactual
e2e4_2026_09_02,ca4d67f,1,intel-sponza.obj,f464f3684ce831af16f89da4cc6395e92c625bb6cf123b2bbe49ec33aed414a3,binned_sah,bvh2/slot32_aos,robust,diffuse_1,A,6850038901228734019,closest_improves_incumbent,raw_gt_1,17601,2559,15042,0,299873,71802,599746,71802,227319,53231,454638,53231,S-analytic,S-probe-counterfactual
e2e4_2026_09_02,ca4d67f,1,intel-sponza.obj,f464f3684ce831af16f89da4cc6395e92c625bb6cf123b2bbe49ec33aed414a3,binned_sah,bvh2/slot32_aos,robust,diffuse_1,A,6850038901228734019,closest_improves_incumbent,invalid,0,0,0,0,0,0,0,0,0,0,0,0,S-analytic,S-probe-counterfactual
e2e4_2026_09_02,ca4d67f,1,intel-sponza.obj,f464f3684ce831af16f89da4cc6395e92c625bb6cf123b2bbe49ec33aed414a3,binned_sah,bvh2/slot32_aos,robust,diffuse_1,B,4471768159497229620,closest_improves_incumbent,q_00_10,4275,67,4208,0,1293,5411,2586,5411,1257,5313,2514,5313,S-analytic,S-probe-counterfactual
e2e4_2026_09_02,ca4d67f,1,intel-sponza.obj,f464f3684ce831af16f89da4cc6395e92c625bb6cf123b2bbe49ec33aed414a3,binned_sah,bvh2/slot32_aos,robust,diffuse_1,B,4471768159497229620,closest_improves_incumbent,q_10_20,2288,71,2217,0,3020,4789,6040,4789,2876,4607,5752,4607,S-analytic,S-probe-counterfactual
e2e4_2026_09_02,ca4d67f,1,intel-sponza.obj,f464f3684ce831af16f89da4cc6395e92c625bb6cf123b2bbe49ec33aed414a3,binned_sah,bvh2/slot32_aos,robust,diffuse_1,B,4471768159497229620,closest_improves_incumbent,q_20_30,1523,75,1448,0,2955,3699,5910,3699,2816,3535,5632,3535,S-analytic,S-probe-counterfactual
e2e4_2026_09_02,ca4d67f,1,intel-sponza.obj,f464f3684ce831af16f89da4cc6395e92c625bb6cf123b2bbe49ec33aed414a3,binned_sah,bvh2/slot32_aos,robust,diffuse_1,B,4471768159497229620,closest_improves_incumbent,q_30_40,1379,82,1297,0,3684,3569,7368,3569,3363,3335,6726,3335,S-analytic,S-probe-counterfactual
e2e4_2026_09_02,ca4d67f,1,intel-sponza.obj,f464f3684ce831af16f89da4cc6395e92c625bb6cf123b2bbe49ec33aed414a3,binned_sah,bvh2/slot32_aos,robust,diffuse_1,B,4471768159497229620,closest_improves_incumbent,q_40_50,2348,204,2144,0,5011,4478,10022,4478,4508,4016,9016,4016,S-analytic,S-probe-counterfactual
e2e4_2026_09_02,ca4d67f,1,intel-sponza.obj,f464f3684ce831af16f89da4cc6395e92c625bb6cf123b2bbe49ec33aed414a3,binned_sah,bvh2/slot32_aos,robust,diffuse_1,B,4471768159497229620,closest_improves_incumbent,q_50_60,1745,199,1546,0,7495,4168,14990,4168,6528,3586,13056,3586,S-analytic,S-probe-counterfactual
e2e4_2026_09_02,ca4d67f,1,intel-sponza.obj,f464f3684ce831af16f89da4cc6395e92c625bb6cf123b2bbe49ec33aed414a3,binned_sah,bvh2/slot32_aos,robust,diffuse_1,B,4471768159497229620,closest_improves_incumbent,q_60_70,2064,203,1861,0,11425,5537,22850,5537,9769,4808,19538,4808,S-analytic,S-probe-counterfactual
e2e4_2026_09_02,ca4d67f,1,intel-sponza.obj,f464f3684ce831af16f89da4cc6395e92c625bb6cf123b2bbe49ec33aed414a3,binned_sah,bvh2/slot32_aos,robust,diffuse_1,B,4471768159497229620,closest_improves_incumbent,q_70_80,2286,234,2052,0,14333,6004,28666,6004,12211,5069,24422,5069,S-analytic,S-probe-counterfactual
e2e4_2026_09_02,ca4d67f,1,intel-sponza.obj,f464f3684ce831af16f89da4cc6395e92c625bb6cf123b2bbe49ec33aed414a3,binned_sah,bvh2/slot32_aos,robust,diffuse_1,B,4471768159497229620,closest_improves_incumbent,q_80_90,2448,244,2204,0,19203,7860,38406,7860,16582,6862,33164,6862,S-analytic,S-probe-counterfactual
e2e4_2026_09_02,ca4d67f,1,intel-sponza.obj,f464f3684ce831af16f89da4cc6395e92c625bb6cf123b2bbe49ec33aed414a3,binned_sah,bvh2/slot32_aos,robust,diffuse_1,B,4471768159497229620,closest_improves_incumbent,q_90_100,2946,389,2557,0,21992,8839,43984,8839,19143,7618,38286,7618,S-analytic,S-probe-counterfactual
e2e4_2026_09_02,ca4d67f,1,intel-sponza.obj,f464f3684ce831af16f89da4cc6395e92c625bb6cf123b2bbe49ec33aed414a3,binned_sah,bvh2/slot32_aos,robust,diffuse_1,B,4471768159497229620,closest_improves_incumbent,raw_gt_1,17548,2556,14992,0,291383,70647,582766,70647,225518,55181,451036,55181,S-analytic,S-probe-counterfactual
e2e4_2026_09_02,ca4d67f,1,intel-sponza.obj,f464f3684ce831af16f89da4cc6395e92c625bb6cf123b2bbe49ec33aed414a3,binned_sah,bvh2/slot32_aos,robust,diffuse_1,B,4471768159497229620,closest_improves_incumbent,invalid,0,0,0,0,0,0,0,0,0,0,0,0,S-analytic,S-probe-counterfactual
e2e4_2026_09_02,ca4d67f,1,intel-sponza.obj,f464f3684ce831af16f89da4cc6395e92c625bb6cf123b2bbe49ec33aed414a3,binned_sah,bvh2/slot32_aos,robust,incoherent,A,4467259490657145187,closest_improves_incumbent,q_00_10,143404,4798,138606,0,79959,143409,159918,143409,73918,136677,147836,136677,S-analytic,S-probe-counterfactual
e2e4_2026_09_02,ca4d67f,1,intel-sponza.obj,f464f3684ce831af16f89da4cc6395e92c625bb6cf123b2bbe49ec33aed414a3,binned_sah,bvh2/slot32_aos,robust,incoherent,A,4467259490657145187,closest_improves_incumbent,q_10_20,122361,12369,109992,0,167940,152823,335880,152823,136643,130447,273286,130447,S-analytic,S-probe-counterfactual
e2e4_2026_09_02,ca4d67f,1,intel-sponza.obj,f464f3684ce831af16f89da4cc6395e92c625bb6cf123b2bbe49ec33aed414a3,binned_sah,bvh2/slot32_aos,robust,incoherent,A,4467259490657145187,closest_improves_incumbent,q_20_30,139301,23664,115637,0,260734,160342,521468,160342,179295,114067,358590,114067,S-analytic,S-probe-counterfactual
e2e4_2026_09_02,ca4d67f,1,intel-sponza.obj,f464f3684ce831af16f89da4cc6395e92c625bb6cf123b2bbe49ec33aed414a3,binned_sah,bvh2/slot32_aos,robust,incoherent,A,4467259490657145187,closest_improves_incumbent,q_30_40,184627,42880,141747,0,413759,203727,827518,203727,245934,118411,491868,118411,S-analytic,S-probe-counterfactual
e2e4_2026_09_02,ca4d67f,1,intel-sponza.obj,f464f3684ce831af16f89da4cc6395e92c625bb6cf123b2bbe49ec33aed414a3,binned_sah,bvh2/slot32_aos,robust,incoherent,A,4467259490657145187,closest_improves_incumbent,q_40_50,683955,275429,408526,0,775390,717135,1550780,717135,390011,352444,780022,352444,S-analytic,S-probe-counterfactual
e2e4_2026_09_02,ca4d67f,1,intel-sponza.obj,f464f3684ce831af16f89da4cc6395e92c625bb6cf123b2bbe49ec33aed414a3,binned_sah,bvh2/slot32_aos,robust,incoherent,A,4467259490657145187,closest_improves_incumbent,q_50_60,390496,152642,237854,0,1144915,483323,2289830,483323,510000,174888,1020000,174888,S-analytic,S-probe-counterfactual
e2e4_2026_09_02,ca4d67f,1,intel-sponza.obj,f464f3684ce831af16f89da4cc6395e92c625bb6cf123b2bbe49ec33aed414a3,binned_sah,bvh2/slot32_aos,robust,incoherent,A,4467259490657145187,closest_improves_incumbent,q_60_70,371631,151597,220034,0,1682750,525966,3365500,525966,666857,137205,1333714,137205,S-analytic,S-probe-counterfactual
e2e4_2026_09_02,ca4d67f,1,intel-sponza.obj,f464f3684ce831af16f89da4cc6395e92c625bb6cf123b2bbe49ec33aed414a3,binned_sah,bvh2/slot32_aos,robust,incoherent,A,4467259490657145187,closest_improves_incumbent,q_70_80,442930,203325,239605,0,2177069,642034,4354138,642034,761131,132769,1522262,132769,S-analytic,S-probe-counterfactual
e2e4_2026_09_02,ca4d67f,1,intel-sponza.obj,f464f3684ce831af16f89da4cc6395e92c625bb6cf123b2bbe49ec33aed414a3,binned_sah,bvh2/slot32_aos,robust,incoherent,A,4467259490657145187,closest_improves_incumbent,q_80_90,517364,258867,258497,0,2645408,751224,5290816,751224,848456,130806,1696912,130806,S-analytic,S-probe-counterfactual
e2e4_2026_09_02,ca4d67f,1,intel-sponza.obj,f464f3684ce831af16f89da4cc6395e92c625bb6cf123b2bbe49ec33aed414a3,binned_sah,bvh2/slot32_aos,robust,incoherent,A,4467259490657145187,closest_improves_incumbent,q_90_100,1068253,776505,291748,0,4075390,1688641,8150780,1688641,975746,131146,1951492,131146,S-analytic,S-probe-counterfactual
e2e4_2026_09_02,ca4d67f,1,intel-sponza.obj,f464f3684ce831af16f89da4cc6395e92c625bb6cf123b2bbe49ec33aed414a3,binned_sah,bvh2/slot32_aos,robust,incoherent,A,4467259490657145187,closest_improves_incumbent,raw_gt_1,4885616,2934584,1951032,0,60836105,8364576,121672210,8364576,10873043,566468,21746086,566468,S-analytic,S-probe-counterfactual
e2e4_2026_09_02,ca4d67f,1,intel-sponza.obj,f464f3684ce831af16f89da4cc6395e92c625bb6cf123b2bbe49ec33aed414a3,binned_sah,bvh2/slot32_aos,robust,incoherent,A,4467259490657145187,closest_improves_incumbent,invalid,0,0,0,0,0,0,0,0,0,0,0,0,S-analytic,S-probe-counterfactual
e2e4_2026_09_02,ca4d67f,1,intel-sponza.obj,f464f3684ce831af16f89da4cc6395e92c625bb6cf123b2bbe49ec33aed414a3,binned_sah,bvh2/slot32_aos,robust,incoherent,B,1820974080651448798,closest_improves_incumbent,q_00_10,140718,4883,135835,0,78061,138179,156122,138179,72172,131379,144344,131379,S-analytic,S-probe-counterfactual
e2e4_2026_09_02,ca4d67f,1,intel-sponza.obj,f464f3684ce831af16f89da4cc6395e92c625bb6cf123b2bbe49ec33aed414a3,binned_sah,bvh2/slot32_aos,robust,incoherent,B,1820974080651448798,closest_improves_incumbent,q_10_20,122736,12559,110177,0,166853,152051,333706,152051,134611,128905,269222,128905,S-analytic,S-probe-counterfactual
e2e4_2026_09_02,ca4d67f,1,intel-sponza.obj,f464f3684ce831af16f89da4cc6395e92c625bb6cf123b2bbe49ec33aed414a3,binned_sah,bvh2/slot32_aos,robust,incoherent,B,1820974080651448798,closest_improves_incumbent,q_20_30,138849,23527,115322,0,260010,159759,520020,159759,179790,114116,359580,114116,S-analytic,S-probe-counterfactual
e2e4_2026_09_02,ca4d67f,1,intel-sponza.obj,f464f3684ce831af16f89da4cc6395e92c625bb6cf123b2bbe49ec33aed414a3,binned_sah,bvh2/slot32_aos,robust,incoherent,B,1820974080651448798,closest_improves_incumbent,q_30_40,184839,43129,141710,0,412996,202550,825992,202550,244531,116543,489062,116543,S-analytic,S-probe-counterfactual
e2e4_2026_09_02,ca4d67f,1,intel-sponza.obj,f464f3684ce831af16f89da4cc6395e92c625bb6cf123b2bbe49ec33aed414a3,binned_sah,bvh2/slot32_aos,robust,incoherent,B,1820974080651448798,closest_improves_incumbent,q_40_50,682216,274412,407804,0,772557,715926,1545114,715926,386565,351073,773130,351073,S-analytic,S-probe-counterfactual
e2e4_2026_09_02,ca4d67f,1,intel-sponza.obj,f464f3684ce831af16f89da4cc6395e92c625bb6cf123b2bbe49ec33aed414a3,binned_sah,bvh2/slot32_aos,robust,incoherent,B,1820974080651448798,closest_improves_incumbent,q_50_60,390182,152694,237488,0,1137201,479875,2274402,479875,505027,171061,1010054,171061,S-analytic,S-probe-counterfactual
e2e4_2026_09_02,ca4d67f,1,intel-sponza.obj,f464f3684ce831af16f89da4cc6395e92c625bb6cf123b2bbe49ec33aed414a3,binned_sah,bvh2/slot32_aos,robust,incoherent,B,1820974080651448798,closest_improves_incumbent,q_60_70,370945,151741,219204,0,1686371,531671,3372742,531671,664150,137159,1328300,137159,S-analytic,S-probe-counterfactual
e2e4_2026_09_02,ca4d67f,1,intel-sponza.obj,f464f3684ce831af16f89da4cc6395e92c625bb6cf123b2bbe49ec33aed414a3,binned_sah,bvh2/slot32_aos,robust,incoherent,B,1820974080651448798,closest_improves_incumbent,q_70_80,443136,203917,239219,0,2184501,643183,4369002,643183,759618,130706,1519236,130706,S-analytic,S-probe-counterfactual
e2e4_2026_09_02,ca4d67f,1,intel-sponza.obj,f464f3684ce831af16f89da4cc6395e92c625bb6cf123b2bbe49ec33aed414a3,binned_sah,bvh2/slot32_aos,robust,incoherent,B,1820974080651448798,closest_improves_incumbent,q_80_90,516293,258249,258044,0,2636674,749729,5273348,749729,844456,128679,1688912,128679,S-analytic,S-probe-counterfactual
e2e4_2026_09_02,ca4d67f,1,intel-sponza.obj,f464f3684ce831af16f89da4cc6395e92c625bb6cf123b2bbe49ec33aed414a3,binned_sah,bvh2/slot32_aos,robust,incoherent,B,1820974080651448798,closest_improves_incumbent,q_90_100,1065585,774252,291333,0,4055451,1683754,8110902,1683754,972021,129039,1944042,129039,S-analytic,S-probe-counterfactual
e2e4_2026_09_02,ca4d67f,1,intel-sponza.obj,f464f3684ce831af16f89da4cc6395e92c625bb6cf123b2bbe49ec33aed414a3,binned_sah,bvh2/slot32_aos,robust,incoherent,B,1820974080651448798,closest_improves_incumbent,raw_gt_1,4888593,2934089,1954504,0,60830823,8340376,121661646,8340376,10899964,556768,21799928,556768,S-analytic,S-probe-counterfactual
e2e4_2026_09_02,ca4d67f,1,intel-sponza.obj,f464f3684ce831af16f89da4cc6395e92c625bb6cf123b2bbe49ec33aed414a3,binned_sah,bvh2/slot32_aos,robust,incoherent,B,1820974080651448798,closest_improves_incumbent,invalid,0,0,0,0,0,0,0,0,0,0,0,0,S-analytic,S-probe-counterfactual
e2e4_2026_09_02,ca4d67f,1,hairball.obj,1fc018d947fbd9d5099dea9bc104ae38a708f25ac2dedeb1f5b722ac79b96465,binned_sah,bvh2/slot32_aos,robust,primary,A,15603933574072774811,closest_improves_incumbent,q_00_10,91696,2075,89621,0,44459,123884,88918,123884,42539,120302,85078,120302,S-analytic,S-probe-counterfactual
e2e4_2026_09_02,ca4d67f,1,hairball.obj,1fc018d947fbd9d5099dea9bc104ae38a708f25ac2dedeb1f5b722ac79b96465,binned_sah,bvh2/slot32_aos,robust,primary,A,15603933574072774811,closest_improves_incumbent,q_10_20,62653,3665,58988,0,159198,149873,318396,149873,143465,135081,286930,135081,S-analytic,S-probe-counterfactual
e2e4_2026_09_02,ca4d67f,1,hairball.obj,1fc018d947fbd9d5099dea9bc104ae38a708f25ac2dedeb1f5b722ac79b96465,binned_sah,bvh2/slot32_aos,robust,primary,A,15603933574072774811,closest_improves_incumbent,q_20_30,43007,4112,38895,0,220005,150736,440010,150736,187079,125153,374158,125153,S-analytic,S-probe-counterfactual
e2e4_2026_09_02,ca4d67f,1,hairball.obj,1fc018d947fbd9d5099dea9bc104ae38a708f25ac2dedeb1f5b722ac79b96465,binned_sah,bvh2/slot32_aos,robust,primary,A,15603933574072774811,closest_improves_incumbent,q_30_40,33479,4112,29367,0,229505,139162,459010,139162,185815,108063,371630,108063,S-analytic,S-probe-counterfactual
e2e4_2026_09_02,ca4d67f,1,hairball.obj,1fc018d947fbd9d5099dea9bc104ae38a708f25ac2dedeb1f5b722ac79b96465,binned_sah,bvh2/slot32_aos,robust,primary,A,15603933574072774811,closest_improves_incumbent,q_40_50,26338,3964,22374,0,224573,125324,449146,125324,171696,90822,343392,90822,S-analytic,S-probe-counterfactual
e2e4_2026_09_02,ca4d67f,1,hairball.obj,1fc018d947fbd9d5099dea9bc104ae38a708f25ac2dedeb1f5b722ac79b96465,binned_sah,bvh2/slot32_aos,robust,primary,A,15603933574072774811,closest_improves_incumbent,q_50_60,19650,3251,16399,0,189541,101480,379082,101480,141654,71266,283308,71266,S-analytic,S-probe-counterfactual
e2e4_2026_09_02,ca4d67f,1,hairball.obj,1fc018d947fbd9d5099dea9bc104ae38a708f25ac2dedeb1f5b722ac79b96465,binned_sah,bvh2/slot32_aos,robust,primary,A,15603933574072774811,closest_improves_incumbent,q_60_70,14548,2834,11714,0,156633,82355,313266,82355,111270,54192,222540,54192,S-analytic,S-probe-counterfactual
e2e4_2026_09_02,ca4d67f,1,hairball.obj,1fc018d947fbd9d5099dea9bc104ae38a708f25ac2dedeb1f5b722ac79b96465,binned_sah,bvh2/slot32_aos,robust,primary,A,15603933574072774811,closest_improves_incumbent,q_70_80,12078,2467,9611,0,148486,69014,296972,69014,100644,41851,201288,41851,S-analytic,S-probe-counterfactual
e2e4_2026_09_02,ca4d67f,1,hairball.obj,1fc018d947fbd9d5099dea9bc104ae38a708f25ac2dedeb1f5b722ac79b96465,binned_sah,bvh2/slot32_aos,robust,primary,A,15603933574072774811,closest_improves_incumbent,q_80_90,8359,1887,6472,0,117123,52191,234246,52191,75973,30455,151946,30455,S-analytic,S-probe-counterfactual
e2e4_2026_09_02,ca4d67f,1,hairball.obj,1fc018d947fbd9d5099dea9bc104ae38a708f25ac2dedeb1f5b722ac79b96465,binned_sah,bvh2/slot32_aos,robust,primary,A,15603933574072774811,closest_improves_incumbent,q_90_100,6569,1437,5132,0,101705,41452,203410,41452,65297,23491,130594,23491,S-analytic,S-probe-counterfactual
e2e4_2026_09_02,ca4d67f,1,hairball.obj,1fc018d947fbd9d5099dea9bc104ae38a708f25ac2dedeb1f5b722ac79b96465,binned_sah,bvh2/slot32_aos,robust,primary,A,15603933574072774811,closest_improves_incumbent,raw_gt_1,89950,29292,60658,0,3157331,1023969,6314662,1023969,1128195,277072,2256390,277072,S-analytic,S-probe-counterfactual
e2e4_2026_09_02,ca4d67f,1,hairball.obj,1fc018d947fbd9d5099dea9bc104ae38a708f25ac2dedeb1f5b722ac79b96465,binned_sah,bvh2/slot32_aos,robust,primary,A,15603933574072774811,closest_improves_incumbent,invalid,0,0,0,0,0,0,0,0,0,0,0,0,S-analytic,S-probe-counterfactual
e2e4_2026_09_02,ca4d67f,1,hairball.obj,1fc018d947fbd9d5099dea9bc104ae38a708f25ac2dedeb1f5b722ac79b96465,binned_sah,bvh2/slot32_aos,robust,shadow_ao,A,6038965400659644694,any_occluder_in_range,q_00_10,41707,884,40823,0,19227,56033,38454,56033,18617,54841,37234,54841,S-analytic,S-probe-counterfactual
e2e4_2026_09_02,ca4d67f,1,hairball.obj,1fc018d947fbd9d5099dea9bc104ae38a708f25ac2dedeb1f5b722ac79b96465,binned_sah,bvh2/slot32_aos,robust,shadow_ao,A,6038965400659644694,any_occluder_in_range,q_10_20,27706,1637,26069,0,66722,65163,133444,65163,61502,61151,123004,61151,S-analytic,S-probe-counterfactual
e2e4_2026_09_02,ca4d67f,1,hairball.obj,1fc018d947fbd9d5099dea9bc104ae38a708f25ac2dedeb1f5b722ac79b96465,binned_sah,bvh2/slot32_aos,robust,shadow_ao,A,6038965400659644694,any_occluder_in_range,q_20_30,19520,1838,17682,0,93709,64347,187418,64347,83175,57959,166350,57959,S-analytic,S-probe-counterfactual
e2e4_2026_09_02,ca4d67f,1,hairball.obj,1fc018d947fbd9d5099dea9bc104ae38a708f25ac2dedeb1f5b722ac79b96465,binned_sah,bvh2/slot32_aos,robust,shadow_ao,A,6038965400659644694,any_occluder_in_range,q_30_40,16385,1964,14421,0,106260,62640,212520,62640,90993,54301,181986,54301,S-analytic,S-probe-counterfactual
e2e4_2026_09_02,ca4d67f,1,hairball.obj,1fc018d947fbd9d5099dea9bc104ae38a708f25ac2dedeb1f5b722ac79b96465,binned_sah,bvh2/slot32_aos,robust,shadow_ao,A,6038965400659644694,any_occluder_in_range,q_40_50,13673,1966,11707,0,111019,58270,222038,58270,90500,47583,181000,47583,S-analytic,S-probe-counterfactual
e2e4_2026_09_02,ca4d67f,1,hairball.obj,1fc018d947fbd9d5099dea9bc104ae38a708f25ac2dedeb1f5b722ac79b96465,binned_sah,bvh2/slot32_aos,robust,shadow_ao,A,6038965400659644694,any_occluder_in_range,q_50_60,10158,1700,8458,0,89928,44699,179856,44699,70057,34974,140114,34974,S-analytic,S-probe-counterfactual
e2e4_2026_09_02,ca4d67f,1,hairball.obj,1fc018d947fbd9d5099dea9bc104ae38a708f25ac2dedeb1f5b722ac79b96465,binned_sah,bvh2/slot32_aos,robust,shadow_ao,A,6038965400659644694,any_occluder_in_range,q_60_70,7898,1504,6394,0,76273,36983,152546,36983,58074,28328,116148,28328,S-analytic,S-probe-counterfactual
e2e4_2026_09_02,ca4d67f,1,hairball.obj,1fc018d947fbd9d5099dea9bc104ae38a708f25ac2dedeb1f5b722ac79b96465,binned_sah,bvh2/slot32_aos,robust,shadow_ao,A,6038965400659644694,any_occluder_in_range,q_70_80,6287,1297,4990,0,70366,30950,140732,30950,51958,22665,103916,22665,S-analytic,S-probe-counterfactual
e2e4_2026_09_02,ca4d67f,1,hairball.obj,1fc018d947fbd9d5099dea9bc104ae38a708f25ac2dedeb1f5b722ac79b96465,binned_sah,bvh2/slot32_aos,robust,shadow_ao,A,6038965400659644694,any_occluder_in_range,q_80_90,4626,1060,3566,0,61249,25403,122498,25403,43896,17827,87792,17827,S-analytic,S-probe-counterfactual
e2e4_2026_09_02,ca4d67f,1,hairball.obj,1fc018d947fbd9d5099dea9bc104ae38a708f25ac2dedeb1f5b722ac79b96465,binned_sah,bvh2/slot32_aos,robust,shadow_ao,A,6038965400659644694,any_occluder_in_range,q_90_100,3475,813,2662,0,51641,19874,103282,19874,36487,13826,72974,13826,S-analytic,S-probe-counterfactual
e2e4_2026_09_02,ca4d67f,1,hairball.obj,1fc018d947fbd9d5099dea9bc104ae38a708f25ac2dedeb1f5b722ac79b96465,binned_sah,bvh2/slot32_aos,robust,shadow_ao,A,6038965400659644694,any_occluder_in_range,raw_gt_1,40133,14471,25662,0,1440514,432136,2881028,432136,783324,225070,1566648,225070,S-analytic,S-probe-counterfactual
e2e4_2026_09_02,ca4d67f,1,hairball.obj,1fc018d947fbd9d5099dea9bc104ae38a708f25ac2dedeb1f5b722ac79b96465,binned_sah,bvh2/slot32_aos,robust,shadow_ao,A,6038965400659644694,any_occluder_in_range,invalid,0,0,0,0,0,0,0,0,0,0,0,0,S-analytic,S-probe-counterfactual
e2e4_2026_09_02,ca4d67f,1,hairball.obj,1fc018d947fbd9d5099dea9bc104ae38a708f25ac2dedeb1f5b722ac79b96465,binned_sah,bvh2/slot32_aos,robust,shadow_ao,B,12098494441538982105,any_occluder_in_range,q_00_10,41253,870,40383,0,18898,55506,37796,55506,18281,54375,36562,54375,S-analytic,S-probe-counterfactual
e2e4_2026_09_02,ca4d67f,1,hairball.obj,1fc018d947fbd9d5099dea9bc104ae38a708f25ac2dedeb1f5b722ac79b96465,binned_sah,bvh2/slot32_aos,robust,shadow_ao,B,12098494441538982105,any_occluder_in_range,q_10_20,27593,1635,25958,0,66383,63838,132766,63838,61355,60063,122710,60063,S-analytic,S-probe-counterfactual
e2e4_2026_09_02,ca4d67f,1,hairball.obj,1fc018d947fbd9d5099dea9bc104ae38a708f25ac2dedeb1f5b722ac79b96465,binned_sah,bvh2/slot32_aos,robust,shadow_ao,B,12098494441538982105,any_occluder_in_range,q_20_30,19361,1819,17542,0,93454,63829,186908,63829,83031,57560,166062,57560,S-analytic,S-probe-counterfactual
e2e4_2026_09_02,ca4d67f,1,hairball.obj,1fc018d947fbd9d5099dea9bc104ae38a708f25ac2dedeb1f5b722ac79b96465,binned_sah,bvh2/slot32_aos,robust,shadow_ao,B,12098494441538982105,any_occluder_in_range,q_30_40,16052,1890,14162,0,100867,58464,201734,58464,86363,50867,172726,50867,S-analytic,S-probe-counterfactual
e2e4_2026_09_02,ca4d67f,1,hairball.obj,1fc018d947fbd9d5099dea9bc104ae38a708f25ac2dedeb1f5b722ac79b96465,binned_sah,bvh2/slot32_aos,robust,shadow_ao,B,12098494441538982105,any_occluder_in_range,q_40_50,14250,2020,12230,0,115540,59257,231080,59257,95856,49423,191712,49423,S-analytic,S-probe-counterfactual
e2e4_2026_09_02,ca4d67f,1,hairball.obj,1fc018d947fbd9d5099dea9bc104ae38a708f25ac2dedeb1f5b722ac79b96465,binned_sah,bvh2/slot32_aos,robust,shadow_ao,B,12098494441538982105,any_occluder_in_range,q_50_60,10428,1743,8685,0,92480,46175,184960,46175,73348,36967,146696,36967,S-analytic,S-probe-counterfactual
e2e4_2026_09_02,ca4d67f,1,hairball.obj,1fc018d947fbd9d5099dea9bc104ae38a708f25ac2dedeb1f5b722ac79b96465,binned_sah,bvh2/slot32_aos,robust,shadow_ao,B,12098494441538982105,any_occluder_in_range,q_60_70,8016,1515,6501,0,77592,37396,155184,37396,59207,28637,118414,28637,S-analytic,S-probe-counterfactual
e2e4_2026_09_02,ca4d67f,1,hairball.obj,1fc018d947fbd9d5099dea9bc104ae38a708f25ac2dedeb1f5b722ac79b96465,binned_sah,bvh2/slot32_aos,robust,shadow_ao,B,12098494441538982105,any_occluder_in_range,q_70_80,6299,1255,5044,0,70636,30654,141272,30654,53152,23072,106304,23072,S-analytic,S-probe-counterfactual
e2e4_2026_09_02,ca4d67f,1,hairball.obj,1fc018d947fbd9d5099dea9bc104ae38a708f25ac2dedeb1f5b722ac79b96465,binned_sah,bvh2/slot32_aos,robust,shadow_ao,B,12098494441538982105,any_occluder_in_range,q_80_90,4658,952,3706,0,59699,24129,119398,24129,43984,17379,87968,17379,S-analytic,S-probe-counterfactual
e2e4_2026_09_02,ca4d67f,1,hairball.obj,1fc018d947fbd9d5099dea9bc104ae38a708f25ac2dedeb1f5b722ac79b96465,binned_sah,bvh2/slot32_aos,robust,shadow_ao,B,12098494441538982105,any_occluder_in_range,q_90_100,3567,841,2726,0,52640,19474,105280,19474,36551,12963,73102,12963,S-analytic,S-probe-counterfactual
e2e4_2026_09_02,ca4d67f,1,hairball.obj,1fc018d947fbd9d5099dea9bc104ae38a708f25ac2dedeb1f5b722ac79b96465,binned_sah,bvh2/slot32_aos,robust,shadow_ao,B,12098494441538982105,any_occluder_in_range,raw_gt_1,39867,14193,25674,0,1432488,421763,2864976,421763,785069,223117,1570138,223117,S-analytic,S-probe-counterfactual
e2e4_2026_09_02,ca4d67f,1,hairball.obj,1fc018d947fbd9d5099dea9bc104ae38a708f25ac2dedeb1f5b722ac79b96465,binned_sah,bvh2/slot32_aos,robust,shadow_ao,B,12098494441538982105,any_occluder_in_range,invalid,0,0,0,0,0,0,0,0,0,0,0,0,S-analytic,S-probe-counterfactual
e2e4_2026_09_02,ca4d67f,1,hairball.obj,1fc018d947fbd9d5099dea9bc104ae38a708f25ac2dedeb1f5b722ac79b96465,binned_sah,bvh2/slot32_aos,robust,diffuse_1,A,6166606655053877372,closest_improves_incumbent,q_00_10,47607,981,46626,0,19097,62371,38194,62371,18373,60780,36746,60780,S-analytic,S-probe-counterfactual
e2e4_2026_09_02,ca4d67f,1,hairball.obj,1fc018d947fbd9d5099dea9bc104ae38a708f25ac2dedeb1f5b722ac79b96465,binned_sah,bvh2/slot32_aos,robust,diffuse_1,A,6166606655053877372,closest_improves_incumbent,q_10_20,32660,1794,30866,0,67570,73384,135140,73384,61422,67045,122844,67045,S-analytic,S-probe-counterfactual
e2e4_2026_09_02,ca4d67f,1,hairball.obj,1fc018d947fbd9d5099dea9bc104ae38a708f25ac2dedeb1f5b722ac79b96465,binned_sah,bvh2/slot32_aos,robust,diffuse_1,A,6166606655053877372,closest_improves_incumbent,q_20_30,21723,1892,19831,0,97055,71713,194110,71713,84647,61515,169294,61515,S-analytic,S-probe-counterfactual
e2e4_2026_09_02,ca4d67f,1,hairball.obj,1fc018d947fbd9d5099dea9bc104ae38a708f25ac2dedeb1f5b722ac79b96465,binned_sah,bvh2/slot32_aos,robust,diffuse_1,A,6166606655053877372,closest_improves_incumbent,q_30_40,18033,2036,15997,0,113974,72185,227948,72185,94732,57970,189464,57970,S-analytic,S-probe-counterfactual
e2e4_2026_09_02,ca4d67f,1,hairball.obj,1fc018d947fbd9d5099dea9bc104ae38a708f25ac2dedeb1f5b722ac79b96465,binned_sah,bvh2/slot32_aos,robust,diffuse_1,A,6166606655053877372,closest_improves_incumbent,q_40_50,15443,2119,13324,0,122688,69227,245376,69227,97036,51936,194072,51936,S-analytic,S-probe-counterfactual
e2e4_2026_09_02,ca4d67f,1,hairball.obj,1fc018d947fbd9d5099dea9bc104ae38a708f25ac2dedeb1f5b722ac79b96465,binned_sah,bvh2/slot32_aos,robust,diffuse_1,A,6166606655053877372,closest_improves_incumbent,q_50_60,11933,1855,10078,0,105750,57293,211500,57293,79753,40684,159506,40684,S-analytic,S-probe-counterfactual
e2e4_2026_09_02,ca4d67f,1,hairball.obj,1fc018d947fbd9d5099dea9bc104ae38a708f25ac2dedeb1f5b722ac79b96465,binned_sah,bvh2/slot32_aos,robust,diffuse_1,A,6166606655053877372,closest_improves_incumbent,q_60_70,9651,1668,7983,0,94155,49349,188310,49349,68810,33652,137620,33652,S-analytic,S-probe-counterfactual
e2e4_2026_09_02,ca4d67f,1,hairball.obj,1fc018d947fbd9d5099dea9bc104ae38a708f25ac2dedeb1f5b722ac79b96465,binned_sah,bvh2/slot32_aos,robust,diffuse_1,A,6166606655053877372,closest_improves_incumbent,q_70_80,7776,1487,6289,0,88462,42590,176924,42590,62134,27504,124268,27504,S-analytic,S-probe-counterfactual
e2e4_2026_09_02,ca4d67f,1,hairball.obj,1fc018d947fbd9d5099dea9bc104ae38a708f25ac2dedeb1f5b722ac79b96465,binned_sah,bvh2/slot32_aos,robust,diffuse_1,A,6166606655053877372,closest_improves_incumbent,q_80_90,5868,1217,4651,0,76592,34028,153184,34028,52556,21105,105112,21105,S-analytic,S-probe-counterfactual
e2e4_2026_09_02,ca4d67f,1,hairball.obj,1fc018d947fbd9d5099dea9bc104ae38a708f25ac2dedeb1f5b722ac79b96465,binned_sah,bvh2/slot32_aos,robust,diffuse_1,A,6166606655053877372,closest_improves_incumbent,q_90_100,4278,933,3345,0,63419,27156,126838,27156,42121,16180,84242,16180,S-analytic,S-probe-counterfactual
e2e4_2026_09_02,ca4d67f,1,hairball.obj,1fc018d947fbd9d5099dea9bc104ae38a708f25ac2dedeb1f5b722ac79b96465,binned_sah,bvh2/slot32_aos,robust,diffuse_1,A,6166606655053877372,closest_improves_incumbent,raw_gt_1,46188,16418,29770,0,1766589,577232,3533178,577232,829664,235536,1659328,235536,S-analytic,S-probe-counterfactual
e2e4_2026_09_02,ca4d67f,1,hairball.obj,1fc018d947fbd9d5099dea9bc104ae38a708f25ac2dedeb1f5b722ac79b96465,binned_sah,bvh2/slot32_aos,robust,diffuse_1,A,6166606655053877372,closest_improves_incumbent,invalid,0,0,0,0,0,0,0,0,0,0,0,0,S-analytic,S-probe-counterfactual
e2e4_2026_09_02,ca4d67f,1,hairball.obj,1fc018d947fbd9d5099dea9bc104ae38a708f25ac2dedeb1f5b722ac79b96465,binned_sah,bvh2/slot32_aos,robust,diffuse_1,B,601445350524603615,closest_improves_incumbent,q_00_10,48172,950,47222,0,19475,63498,38950,63498,18811,62013,37622,62013,S-analytic,S-probe-counterfactual
e2e4_2026_09_02,ca4d67f,1,hairball.obj,1fc018d947fbd9d5099dea9bc104ae38a708f25ac2dedeb1f5b722ac79b96465,binned_sah,bvh2/slot32_aos,robust,diffuse_1,B,601445350524603615,closest_improves_incumbent,q_10_20,33098,1876,31222,0,69775,74546,139550,74546,63203,67901,126406,67901,S-analytic,S-probe-counterfactual
e2e4_2026_09_02,ca4d67f,1,hairball.obj,1fc018d947fbd9d5099dea9bc104ae38a708f25ac2dedeb1f5b722ac79b96465,binned_sah,bvh2/slot32_aos,robust,diffuse_1,B,601445350524603615,closest_improves_incumbent,q_20_30,21929,1898,20031,0,98878,72938,197756,72938,86125,62341,172250,62341,S-analytic,S-probe-counterfactual
e2e4_2026_09_02,ca4d67f,1,hairball.obj,1fc018d947fbd9d5099dea9bc104ae38a708f25ac2dedeb1f5b722ac79b96465,binned_sah,bvh2/slot32_aos,robust,diffuse_1,B,601445350524603615,closest_improves_incumbent,q_30_40,18075,2049,16026,0,112849,71064,225698,71064,92639,56293,185278,56293,S-analytic,S-probe-counterfactual
e2e4_2026_09_02,ca4d67f,1,hairball.obj,1fc018d947fbd9d5099dea9bc104ae38a708f25ac2dedeb1f5b722ac79b96465,binned_sah,bvh2/slot32_aos,robust,diffuse_1,B,601445350524603615,closest_improves_incumbent,q_40_50,15592,2070,13522,0,124796,69853,249592,69853,99644,52888,199288,52888,S-analytic,S-probe-counterfactual
e2e4_2026_09_02,ca4d67f,1,hairball.obj,1fc018d947fbd9d5099dea9bc104ae38a708f25ac2dedeb1f5b722ac79b96465,binned_sah,bvh2/slot32_aos,robust,diffuse_1,B,601445350524603615,closest_improves_incumbent,q_50_60,12049,1849,10200,0,107949,58654,215898,58654,81838,42147,163676,42147,S-analytic,S-probe-counterfactual
e2e4_2026_09_02,ca4d67f,1,hairball.obj,1fc018d947fbd9d5099dea9bc104ae38a708f25ac2dedeb1f5b722ac79b96465,binned_sah,bvh2/slot32_aos,robust,diffuse_1,B,601445350524603615,closest_improves_incumbent,q_60_70,9681,1655,8026,0,95399,50435,190798,50435,70200,34606,140400,34606,S-analytic,S-probe-counterfactual
e2e4_2026_09_02,ca4d67f,1,hairball.obj,1fc018d947fbd9d5099dea9bc104ae38a708f25ac2dedeb1f5b722ac79b96465,binned_sah,bvh2/slot32_aos,robust,diffuse_1,B,601445350524603615,closest_improves_incumbent,q_70_80,7838,1489,6349,0,90348,43280,180696,43280,63560,28245,127120,28245,S-analytic,S-probe-counterfactual
e2e4_2026_09_02,ca4d67f,1,hairball.obj,1fc018d947fbd9d5099dea9bc104ae38a708f25ac2dedeb1f5b722ac79b96465,binned_sah,bvh2/slot32_aos,robust,diffuse_1,B,601445350524603615,closest_improves_incumbent,q_80_90,5851,1165,4686,0,73712,32604,147424,32604,51297,20545,102594,20545,S-analytic,S-probe-counterfactual
e2e4_2026_09_02,ca4d67f,1,hairball.obj,1fc018d947fbd9d5099dea9bc104ae38a708f25ac2dedeb1f5b722ac79b96465,binned_sah,bvh2/slot32_aos,robust,diffuse_1,B,601445350524603615,closest_improves_incumbent,q_90_100,4254,936,3318,0,62341,25926,124682,25926,41040,14980,82080,14980,S-analytic,S-probe-counterfactual
e2e4_2026_09_02,ca4d67f,1,hairball.obj,1fc018d947fbd9d5099dea9bc104ae38a708f25ac2dedeb1f5b722ac79b96465,binned_sah,bvh2/slot32_aos,robust,diffuse_1,B,601445350524603615,closest_improves_incumbent,raw_gt_1,46616,16189,30427,0,1769084,572149,3538168,572149,854498,242815,1708996,242815,S-analytic,S-probe-counterfactual
e2e4_2026_09_02,ca4d67f,1,hairball.obj,1fc018d947fbd9d5099dea9bc104ae38a708f25ac2dedeb1f5b722ac79b96465,binned_sah,bvh2/slot32_aos,robust,diffuse_1,B,601445350524603615,closest_improves_incumbent,invalid,0,0,0,0,0,0,0,0,0,0,0,0,S-analytic,S-probe-counterfactual
e2e4_2026_09_02,ca4d67f,1,hairball.obj,1fc018d947fbd9d5099dea9bc104ae38a708f25ac2dedeb1f5b722ac79b96465,binned_sah,bvh2/slot32_aos,robust,incoherent,A,12723985330855343560,closest_improves_incumbent,q_00_10,3417317,78828,3338489,0,1344275,4418317,2688550,4418317,1287645,4293226,2575290,4293226,S-analytic,S-probe-counterfactual
e2e4_2026_09_02,ca4d67f,1,hairball.obj,1fc018d947fbd9d5099dea9bc104ae38a708f25ac2dedeb1f5b722ac79b96465,binned_sah,bvh2/slot32_aos,robust,incoherent,A,12723985330855343560,closest_improves_incumbent,q_10_20,2785242,165866,2619376,0,4959508,5533592,9919016,5533592,4463431,5016942,8926862,5016942,S-analytic,S-probe-counterfactual
e2e4_2026_09_02,ca4d67f,1,hairball.obj,1fc018d947fbd9d5099dea9bc104ae38a708f25ac2dedeb1f5b722ac79b96465,binned_sah,bvh2/slot32_aos,robust,incoherent,A,12723985330855343560,closest_improves_incumbent,q_20_30,1811684,178096,1633588,0,7249218,5344383,14498436,5344383,6154062,4450257,12308124,4450257,S-analytic,S-probe-counterfactual
e2e4_2026_09_02,ca4d67f,1,hairball.obj,1fc018d947fbd9d5099dea9bc104ae38a708f25ac2dedeb1f5b722ac79b96465,binned_sah,bvh2/slot32_aos,robust,incoherent,A,12723985330855343560,closest_improves_incumbent,q_30_40,1439368,189591,1249777,0,8249387,5155708,16498774,5155708,6625383,3964483,13250766,3964483,S-analytic,S-probe-counterfactual
e2e4_2026_09_02,ca4d67f,1,hairball.obj,1fc018d947fbd9d5099dea9bc104ae38a708f25ac2dedeb1f5b722ac79b96465,binned_sah,bvh2/slot32_aos,robust,incoherent,A,12723985330855343560,closest_improves_incumbent,q_40_50,1174249,184777,989472,0,8355931,4780458,16711862,4780458,6391424,3439408,12782848,3439408,S-analytic,S-probe-counterfactual
e2e4_2026_09_02,ca4d67f,1,hairball.obj,1fc018d947fbd9d5099dea9bc104ae38a708f25ac2dedeb1f5b722ac79b96465,binned_sah,bvh2/slot32_aos,robust,incoherent,A,12723985330855343560,closest_improves_incumbent,q_50_60,951213,168578,782635,0,7847159,4297088,15694318,4297088,5740246,2933629,11480492,2933629,S-analytic,S-probe-counterfactual
e2e4_2026_09_02,ca4d67f,1,hairball.obj,1fc018d947fbd9d5099dea9bc104ae38a708f25ac2dedeb1f5b722ac79b96465,binned_sah,bvh2/slot32_aos,robust,incoherent,A,12723985330855343560,closest_improves_incumbent,q_60_70,815499,160065,655434,0,7650831,4026544,15301662,4026544,5376054,2615367,10752108,2615367,S-analytic,S-probe-counterfactual
e2e4_2026_09_02,ca4d67f,1,hairball.obj,1fc018d947fbd9d5099dea9bc104ae38a708f25ac2dedeb1f5b722ac79b96465,binned_sah,bvh2/slot32_aos,robust,incoherent,A,12723985330855343560,closest_improves_incumbent,q_70_80,668538,141765,526773,0,7031312,3482315,14062624,3482315,4745578,2138646,9491156,2138646,S-analytic,S-probe-counterfactual
e2e4_2026_09_02,ca4d67f,1,hairball.obj,1fc018d947fbd9d5099dea9bc104ae38a708f25ac2dedeb1f5b722ac79b96465,binned_sah,bvh2/slot32_aos,robust,incoherent,A,12723985330855343560,closest_improves_incumbent,q_80_90,512030,114358,397672,0,6034295,2793452,12068590,2793452,3951618,1630670,7903236,1630670,S-analytic,S-probe-counterfactual
e2e4_2026_09_02,ca4d67f,1,hairball.obj,1fc018d947fbd9d5099dea9bc104ae38a708f25ac2dedeb1f5b722ac79b96465,binned_sah,bvh2/slot32_aos,robust,incoherent,A,12723985330855343560,closest_improves_incumbent,q_90_100,395459,92336,303123,0,5270957,2268862,10541914,2268862,3337719,1258694,6675438,1258694,S-analytic,S-probe-counterfactual
e2e4_2026_09_02,ca4d67f,1,hairball.obj,1fc018d947fbd9d5099dea9bc104ae38a708f25ac2dedeb1f5b722ac79b96465,binned_sah,bvh2/slot32_aos,robust,incoherent,A,12723985330855343560,closest_improves_incumbent,raw_gt_1,4664817,1699617,2965200,0,158353918,51727843,316707836,51727843,57917236,14812627,115834472,14812627,S-analytic,S-probe-counterfactual
e2e4_2026_09_02,ca4d67f,1,hairball.obj,1fc018d947fbd9d5099dea9bc104ae38a708f25ac2dedeb1f5b722ac79b96465,binned_sah,bvh2/slot32_aos,robust,incoherent,A,12723985330855343560,closest_improves_incumbent,invalid,0,0,0,0,0,0,0,0,0,0,0,0,S-analytic,S-probe-counterfactual
e2e4_2026_09_02,ca4d67f,1,hairball.obj,1fc018d947fbd9d5099dea9bc104ae38a708f25ac2dedeb1f5b722ac79b96465,binned_sah,bvh2/slot32_aos,robust,incoherent,B,7725292624438403857,closest_improves_incumbent,q_00_10,3426884,78069,3348815,0,1351807,4434136,2703614,4434136,1296943,4311694,2593886,4311694,S-analytic,S-probe-counterfactual
e2e4_2026_09_02,ca4d67f,1,hairball.obj,1fc018d947fbd9d5099dea9bc104ae38a708f25ac2dedeb1f5b722ac79b96465,binned_sah,bvh2/slot32_aos,robust,incoherent,B,7725292624438403857,closest_improves_incumbent,q_10_20,2791205,165527,2625678,0,4979844,5550668,9959688,5550668,4490664,5039989,8981328,5039989,S-analytic,S-probe-counterfactual
e2e4_2026_09_02,ca4d67f,1,hairball.obj,1fc018d947fbd9d5099dea9bc104ae38a708f25ac2dedeb1f5b722ac79b96465,binned_sah,bvh2/slot32_aos,robust,incoherent,B,7725292624438403857,closest_improves_incumbent,q_20_30,1814677,177419,1637258,0,7252996,5338272,14505992,5338272,6170326,4452950,12340652,4452950,S-analytic,S-probe-counterfactual
e2e4_2026_09_02,ca4d67f,1,hairball.obj,1fc018d947fbd9d5099dea9bc104ae38a708f25ac2dedeb1f5b722ac79b96465,binned_sah,bvh2/slot32_aos,robust,incoherent,B,7725292624438403857,closest_improves_incumbent,q_30_40,1444827,189115,1255712,0,8286620,5172816,16573240,5172816,6665010,3985555,13330020,3985555,S-analytic,S-probe-counterfactual
e2e4_2026_09_02,ca4d67f,1,hairball.obj,1fc018d947fbd9d5099dea9bc104ae38a708f25ac2dedeb1f5b722ac79b96465,binned_sah,bvh2/slot32_aos,robust,incoherent,B,7725292624438403857,closest_improves_incumbent,q_40_50,1180574,184144,996430,0,8410846,4807777,16821692,4807777,6450530,3469952,12901060,3469952,S-analytic,S-probe-counterfactual
e2e4_2026_09_02,ca4d67f,1,hairball.obj,1fc018d947fbd9d5099dea9bc104ae38a708f25ac2dedeb1f5b722ac79b96465,binned_sah,bvh2/slot32_aos,robust,incoherent,B,7725292624438403857,closest_improves_incumbent,q_50_60,956545,167762,788783,0,7885338,4312698,15770676,4312698,5790534,2955556,11581068,2955556,S-analytic,S-probe-counterfactual
e2e4_2026_09_02,ca4d67f,1,hairball.obj,1fc018d947fbd9d5099dea9bc104ae38a708f25ac2dedeb1f5b722ac79b96465,binned_sah,bvh2/slot32_aos,robust,incoherent,B,7725292624438403857,closest_improves_incumbent,q_60_70,817684,160014,657670,0,7667235,4029067,15334470,4029067,5404834,2621574,10809668,2621574,S-analytic,S-probe-counterfactual
e2e4_2026_09_02,ca4d67f,1,hairball.obj,1fc018d947fbd9d5099dea9bc104ae38a708f25ac2dedeb1f5b722ac79b96465,binned_sah,bvh2/slot32_aos,robust,incoherent,B,7725292624438403857,closest_improves_incumbent,q_70_80,668446,140849,527597,0,7051450,3492235,14102900,3492235,4782037,2156171,9564074,2156171,S-analytic,S-probe-counterfactual
e2e4_2026_09_02,ca4d67f,1,hairball.obj,1fc018d947fbd9d5099dea9bc104ae38a708f25ac2dedeb1f5b722ac79b96465,binned_sah,bvh2/slot32_aos,robust,incoherent,B,7725292624438403857,closest_improves_incumbent,q_80_90,511384,114783,396601,0,6049855,2800652,12099710,2800652,3958388,1638470,7916776,1638470,S-analytic,S-probe-counterfactual
e2e4_2026_09_02,ca4d67f,1,hairball.obj,1fc018d947fbd9d5099dea9bc104ae38a708f25ac2dedeb1f5b722ac79b96465,binned_sah,bvh2/slot32_aos,robust,incoherent,B,7725292624438403857,closest_improves_incumbent,q_90_100,396361,92238,304123,0,5273136,2265662,10546272,2265662,3341095,1257124,6682190,1257124,S-analytic,S-probe-counterfactual
e2e4_2026_09_02,ca4d67f,1,hairball.obj,1fc018d947fbd9d5099dea9bc104ae38a708f25ac2dedeb1f5b722ac79b96465,binned_sah,bvh2/slot32_aos,robust,incoherent,B,7725292624438403857,closest_improves_incumbent,raw_gt_1,4659338,1698165,2961173,0,158570740,51872321,317141480,51872321,57933432,14850501,115866864,14850501,S-analytic,S-probe-counterfactual
e2e4_2026_09_02,ca4d67f,1,hairball.obj,1fc018d947fbd9d5099dea9bc104ae38a708f25ac2dedeb1f5b722ac79b96465,binned_sah,bvh2/slot32_aos,robust,incoherent,B,7725292624438403857,closest_improves_incumbent,invalid,0,0,0,0,0,0,0,0,0,0,0,0,S-analytic,S-probe-counterfactual
e2e4_2026_09_02,ca4d67f,1,san-miguel.obj,1e285ee0a46df887eacd0f7882784ac246c157a4ead01dd16b6f0460186711bd,binned_sah,bvh2/slot32_aos,robust,primary,A,3781558343774615031,closest_improves_incumbent,q_00_10,2657,110,2547,0,2825,5192,5650,5192,2671,4968,5342,4968,S-analytic,S-probe-counterfactual
e2e4_2026_09_02,ca4d67f,1,san-miguel.obj,1e285ee0a46df887eacd0f7882784ac246c157a4ead01dd16b6f0460186711bd,binned_sah,bvh2/slot32_aos,robust,primary,A,3781558343774615031,closest_improves_incumbent,q_10_20,1643,235,1408,0,255,1783,510,1783,230,1526,460,1526,S-analytic,S-probe-counterfactual
e2e4_2026_09_02,ca4d67f,1,san-miguel.obj,1e285ee0a46df887eacd0f7882784ac246c157a4ead01dd16b6f0460186711bd,binned_sah,bvh2/slot32_aos,robust,primary,A,3781558343774615031,closest_improves_incumbent,q_20_30,1542,275,1267,0,1830,2166,3660,2166,1536,1800,3072,1800,S-analytic,S-probe-counterfactual
e2e4_2026_09_02,ca4d67f,1,san-miguel.obj,1e285ee0a46df887eacd0f7882784ac246c157a4ead01dd16b6f0460186711bd,binned_sah,bvh2/slot32_aos,robust,primary,A,3781558343774615031,closest_improves_incumbent,q_30_40,1092,303,789,0,1255,1536,2510,1536,875,1067,1750,1067,S-analytic,S-probe-counterfactual
e2e4_2026_09_02,ca4d67f,1,san-miguel.obj,1e285ee0a46df887eacd0f7882784ac246c157a4ead01dd16b6f0460186711bd,binned_sah,bvh2/slot32_aos,robust,primary,A,3781558343774615031,closest_improves_incumbent,q_40_50,5016,2335,2681,0,2333,5480,4666,5480,1305,2777,2610,2777,S-analytic,S-probe-counterfactual
e2e4_2026_09_02,ca4d67f,1,san-miguel.obj,1e285ee0a46df887eacd0f7882784ac246c157a4ead01dd16b6f0460186711bd,binned_sah,bvh2/slot32_aos,robust,primary,A,3781558343774615031,closest_improves_incumbent,q_50_60,1833,806,1027,0,4668,3602,9336,3602,2540,1908,5080,1908,S-analytic,S-probe-counterfactual
e2e4_2026_09_02,ca4d67f,1,san-miguel.obj,1e285ee0a46df887eacd0f7882784ac246c157a4ead01dd16b6f0460186711bd,binned_sah,bvh2/slot32_aos,robust,primary,A,3781558343774615031,closest_improves_incumbent,q_60_70,1614,723,891,0,6745,2937,13490,2937,3045,1320,6090,1320,S-analytic,S-probe-counterfactual
e2e4_2026_09_02,ca4d67f,1,san-miguel.obj,1e285ee0a46df887eacd0f7882784ac246c157a4ead01dd16b6f0460186711bd,binned_sah,bvh2/slot32_aos,robust,primary,A,3781558343774615031,closest_improves_incumbent,q_70_80,996,447,549,0,3596,2110,7192,2110,1537,973,3074,973,S-analytic,S-probe-counterfactual
e2e4_2026_09_02,ca4d67f,1,san-miguel.obj,1e285ee0a46df887eacd0f7882784ac246c157a4ead01dd16b6f0460186711bd,binned_sah,bvh2/slot32_aos,robust,primary,A,3781558343774615031,closest_improves_incumbent,q_80_90,932,495,437,0,4850,1600,9700,1600,1608,447,3216,447,S-analytic,S-probe-counterfactual
e2e4_2026_09_02,ca4d67f,1,san-miguel.obj,1e285ee0a46df887eacd0f7882784ac246c157a4ead01dd16b6f0460186711bd,binned_sah,bvh2/slot32_aos,robust,primary,A,3781558343774615031,closest_improves_incumbent,q_90_100,4809,3653,1156,0,15228,8862,30456,8862,2691,897,5382,897,S-analytic,S-probe-counterfactual
e2e4_2026_09_02,ca4d67f,1,san-miguel.obj,1e285ee0a46df887eacd0f7882784ac246c157a4ead01dd16b6f0460186711bd,binned_sah,bvh2/slot32_aos,robust,primary,A,3781558343774615031,closest_improves_incumbent,raw_gt_1,38260,23533,14727,0,374885,96117,749770,96117,69871,9974,139742,9974,S-analytic,S-probe-counterfactual
e2e4_2026_09_02,ca4d67f,1,san-miguel.obj,1e285ee0a46df887eacd0f7882784ac246c157a4ead01dd16b6f0460186711bd,binned_sah,bvh2/slot32_aos,robust,primary,A,3781558343774615031,closest_improves_incumbent,invalid,0,0,0,0,0,0,0,0,0,0,0,0,S-analytic,S-probe-counterfactual
e2e4_2026_09_02,ca4d67f,1,san-miguel.obj,1e285ee0a46df887eacd0f7882784ac246c157a4ead01dd16b6f0460186711bd,binned_sah,bvh2/slot32_aos,robust,shadow_ao,A,14461018699944980875,any_occluder_in_range,q_00_10,14371,539,13832,0,13497,24287,26994,24287,12655,23347,25310,23347,S-analytic,S-probe-counterfactual
e2e4_2026_09_02,ca4d67f,1,san-miguel.obj,1e285ee0a46df887eacd0f7882784ac246c157a4ead01dd16b6f0460186711bd,binned_sah,bvh2/slot32_aos,robust,shadow_ao,A,14461018699944980875,any_occluder_in_range,q_10_20,4271,191,4080,0,6077,2045,12154,2045,5417,1785,10834,1785,S-analytic,S-probe-counterfactual
e2e4_2026_09_02,ca4d67f,1,san-miguel.obj,1e285ee0a46df887eacd0f7882784ac246c157a4ead01dd16b6f0460186711bd,binned_sah,bvh2/slot32_aos,robust,shadow_ao,A,14461018699944980875,any_occluder_in_range,q_20_30,11603,589,11014,0,16516,3935,33032,3935,14418,3040,28836,3040,S-analytic,S-probe-counterfactual
e2e4_2026_09_02,ca4d67f,1,san-miguel.obj,1e285ee0a46df887eacd0f7882784ac246c157a4ead01dd16b6f0460186711bd,binned_sah,bvh2/slot32_aos,robust,shadow_ao,A,14461018699944980875,any_occluder_in_range,q_30_40,13881,1435,12446,0,21454,10146,42908,10146,17183,8067,34366,8067,S-analytic,S-probe-counterfactual
e2e4_2026_09_02,ca4d67f,1,san-miguel.obj,1e285ee0a46df887eacd0f7882784ac246c157a4ead01dd16b6f0460186711bd,binned_sah,bvh2/slot32_aos,robust,shadow_ao,A,14461018699944980875,any_occluder_in_range,q_40_50,65089,9006,56083,0,34513,60212,69026,60212,26325,49857,52650,49857,S-analytic,S-probe-counterfactual
e2e4_2026_09_02,ca4d67f,1,san-miguel.obj,1e285ee0a46df887eacd0f7882784ac246c157a4ead01dd16b6f0460186711bd,binned_sah,bvh2/slot32_aos,robust,shadow_ao,A,14461018699944980875,any_occluder_in_range,q_50_60,20710,5379,15331,0,63631,20431,127262,20431,42372,6491,84744,6491,S-analytic,S-probe-counterfactual
e2e4_2026_09_02,ca4d67f,1,san-miguel.obj,1e285ee0a46df887eacd0f7882784ac246c157a4ead01dd16b6f0460186711bd,binned_sah,bvh2/slot32_aos,robust,shadow_ao,A,14461018699944980875,any_occluder_in_range,q_60_70,26856,3865,22991,0,86558,17592,173116,17592,64118,6836,128236,6836,S-analytic,S-probe-counterfactual
e2e4_2026_09_02,ca4d67f,1,san-miguel.obj,1e285ee0a46df887eacd0f7882784ac246c157a4ead01dd16b6f0460186711bd,binned_sah,bvh2/slot32_aos,robust,shadow_ao,A,14461018699944980875,any_occluder_in_range,q_70_80,25675,3055,22620,0,85332,13823,170664,13823,65866,7109,131732,7109,S-analytic,S-probe-counterfactual
e2e4_2026_09_02,ca4d67f,1,san-miguel.obj,1e285ee0a46df887eacd0f7882784ac246c157a4ead01dd16b6f0460186711bd,binned_sah,bvh2/slot32_aos,robust,shadow_ao,A,14461018699944980875,any_occluder_in_range,q_80_90,31452,3858,27594,0,100617,18315,201234,18315,76714,9704,153428,9704,S-analytic,S-probe-counterfactual
e2e4_2026_09_02,ca4d67f,1,san-miguel.obj,1e285ee0a46df887eacd0f7882784ac246c157a4ead01dd16b6f0460186711bd,binned_sah,bvh2/slot32_aos,robust,shadow_ao,A,14461018699944980875,any_occluder_in_range,q_90_100,65974,10781,55193,0,157064,66341,314128,66341,118848,46540,237696,46540,S-analytic,S-probe-counterfactual
e2e4_2026_09_02,ca4d67f,1,san-miguel.obj,1e285ee0a46df887eacd0f7882784ac246c157a4ead01dd16b6f0460186711bd,binned_sah,bvh2/slot32_aos,robust,shadow_ao,A,14461018699944980875,any_occluder_in_range,raw_gt_1,1352907,77929,1274978,0,8850851,641099,17701702,641099,7876073,415005,15752146,415005,S-analytic,S-probe-counterfactual
e2e4_2026_09_02,ca4d67f,1,san-miguel.obj,1e285ee0a46df887eacd0f7882784ac246c157a4ead01dd16b6f0460186711bd,binned_sah,bvh2/slot32_aos,robust,shadow_ao,A,14461018699944980875,any_occluder_in_range,invalid,0,0,0,0,0,0,0,0,0,0,0,0,S-analytic,S-probe-counterfactual
e2e4_2026_09_02,ca4d67f,1,san-miguel.obj,1e285ee0a46df887eacd0f7882784ac246c157a4ead01dd16b6f0460186711bd,binned_sah,bvh2/slot32_aos,robust,shadow_ao,B,17592145241872402267,any_occluder_in_range,q_00_10,14006,582,13424,0,13274,23568,26548,23568,12265,22513,24530,22513,S-analytic,S-probe-counterfactual
e2e4_2026_09_02,ca4d67f,1,san-miguel.obj,1e285ee0a46df887eacd0f7882784ac246c157a4ead01dd16b6f0460186711bd,binned_sah,bvh2/slot32_aos,robust,shadow_ao,B,17592145241872402267,any_occluder_in_range,q_10_20,4578,261,4317,0,6807,2360,13614,2360,5671,1900,11342,1900,S-analytic,S-probe-counterfactual
e2e4_2026_09_02,ca4d67f,1,san-miguel.obj,1e285ee0a46df887eacd0f7882784ac246c157a4ead01dd16b6f0460186711bd,binned_sah,bvh2/slot32_aos,robust,shadow_ao,B,17592145241872402267,any_occluder_in_range,q_20_30,11642,577,11065,0,16610,4242,33220,4242,14625,3359,29250,3359,S-analytic,S-probe-counterfactual
e2e4_2026_09_02,ca4d67f,1,san-miguel.obj,1e285ee0a46df887eacd0f7882784ac246c157a4ead01dd16b6f0460186711bd,binned_sah,bvh2/slot32_aos,robust,shadow_ao,B,17592145241872402267,any_occluder_in_range,q_30_40,14233,1616,12617,0,22869,11114,45738,11114,17467,8555,34934,8555,S-analytic,S-probe-counterfactual
e2e4_2026_09_02,ca4d67f,1,san-miguel.obj,1e285ee0a46df887eacd0f7882784ac246c157a4ead01dd16b6f0460186711bd,binned_sah,bvh2/slot32_aos,robust,shadow_ao,B,17592145241872402267,any_occluder_in_range,q_40_50,65275,8805,56470,0,35755,60697,71510,60697,27089,50370,54178,50370,S-analytic,S-probe-counterfactual
e2e4_2026_09_02,ca4d67f,1,san-miguel.obj,1e285ee0a46df887eacd0f7882784ac246c157a4ead01dd16b6f0460186711bd,binned_sah,bvh2/slot32_aos,robust,shadow_ao,B,17592145241872402267,any_occluder_in_range,q_50_60,20480,5229,15251,0,63394,19666,126788,19666,42149,6187,84298,6187,S-analytic,S-probe-counterfactual
e2e4_2026_09_02,ca4d67f,1,san-miguel.obj,1e285ee0a46df887eacd0f7882784ac246c157a4ead01dd16b6f0460186711bd,binned_sah,bvh2/slot32_aos,robust,shadow_ao,B,17592145241872402267,any_occluder_in_range,q_60_70,26604,3797,22807,0,86523,17335,173046,17335,64187,6873,128374,6873,S-analytic,S-probe-counterfactual
e2e4_2026_09_02,ca4d67f,1,san-miguel.obj,1e285ee0a46df887eacd0f7882784ac246c157a4ead01dd16b6f0460186711bd,binned_sah,bvh2/slot32_aos,robust,shadow_ao,B,17592145241872402267,any_occluder_in_range,q_70_80,25611,3080,22531,0,85139,13892,170278,13892,65168,7036,130336,7036,S-analytic,S-probe-counterfactual
e2e4_2026_09_02,ca4d67f,1,san-miguel.obj,1e285ee0a46df887eacd0f7882784ac246c157a4ead01dd16b6f0460186711bd,binned_sah,bvh2/slot32_aos,robust,shadow_ao,B,17592145241872402267,any_occluder_in_range,q_80_90,31009,3652,27357,0,98256,18002,196512,18002,75351,9669,150702,9669,S-analytic,S-probe-counterfactual
e2e4_2026_09_02,ca4d67f,1,san-miguel.obj,1e285ee0a46df887eacd0f7882784ac246c157a4ead01dd16b6f0460186711bd,binned_sah,bvh2/slot32_aos,robust,shadow_ao,B,17592145241872402267,any_occluder_in_range,q_90_100,66085,10485,55600,0,156279,66175,312558,66175,119975,47158,239950,47158,S-analytic,S-probe-counterfactual
e2e4_2026_09_02,ca4d67f,1,san-miguel.obj,1e285ee0a46df887eacd0f7882784ac246c157a4ead01dd16b6f0460186711bd,binned_sah,bvh2/slot32_aos,robust,shadow_ao,B,17592145241872402267,any_occluder_in_range,raw_gt_1,1351727,76168,1275559,0,8827847,639398,17655694,639398,7863823,415319,15727646,415319,S-analytic,S-probe-counterfactual
e2e4_2026_09_02,ca4d67f,1,san-miguel.obj,1e285ee0a46df887eacd0f7882784ac246c157a4ead01dd16b6f0460186711bd,binned_sah,bvh2/slot32_aos,robust,shadow_ao,B,17592145241872402267,any_occluder_in_range,invalid,0,0,0,0,0,0,0,0,0,0,0,0,S-analytic,S-probe-counterfactual
e2e4_2026_09_02,ca4d67f,1,san-miguel.obj,1e285ee0a46df887eacd0f7882784ac246c157a4ead01dd16b6f0460186711bd,binned_sah,bvh2/slot32_aos,robust,diffuse_1,A,1600666986228911999,closest_improves_incumbent,q_00_10,27168,1187,25981,0,29003,49916,58006,49916,27077,47382,54154,47382,S-analytic,S-probe-counterfactual
e2e4_2026_09_02,ca4d67f,1,san-miguel.obj,1e285ee0a46df887eacd0f7882784ac246c157a4ead01dd16b6f0460186711bd,binned_sah,bvh2/slot32_aos,robust,diffuse_1,A,1600666986228911999,closest_improves_incumbent,q_10_20,9207,714,8493,0,11202,7754,22404,7754,9523,6506,19046,6506,S-analytic,S-probe-counterfactual
e2e4_2026_09_02,ca4d67f,1,san-miguel.obj,1e285ee0a46df887eacd0f7882784ac246c157a4ead01dd16b6f0460186711bd,binned_sah,bvh2/slot32_aos,robust,diffuse_1,A,1600666986228911999,closest_improves_incumbent,q_20_30,18288,1581,16707,0,27384,11770,54768,11770,23059,8985,46118,8985,S-analytic,S-probe-counterfactual
e2e4_2026_09_02,ca4d67f,1,san-miguel.obj,1e285ee0a46df887eacd0f7882784ac246c157a4ead01dd16b6f0460186711bd,binned_sah,bvh2/slot32_aos,robust,diffuse_1,A,1600666986228911999,closest_improves_incumbent,q_30_40,25478,3708,21770,0,38076,23027,76152,23027,28643,16943,57286,16943,S-analytic,S-probe-counterfactual
e2e4_2026_09_02,ca4d67f,1,san-miguel.obj,1e285ee0a46df887eacd0f7882784ac246c157a4ead01dd16b6f0460186711bd,binned_sah,bvh2/slot32_aos,robust,diffuse_1,A,1600666986228911999,closest_improves_incumbent,q_40_50,106386,23796,82590,0,58895,104161,117790,104161,42547,75836,85094,75836,S-analytic,S-probe-counterfactual
e2e4_2026_09_02,ca4d67f,1,san-miguel.obj,1e285ee0a46df887eacd0f7882784ac246c157a4ead01dd16b6f0460186711bd,binned_sah,bvh2/slot32_aos,robust,diffuse_1,A,1600666986228911999,closest_improves_incumbent,q_50_60,35100,10561,24539,0,116662,44643,233324,44643,72183,19949,144366,19949,S-analytic,S-probe-counterfactual
e2e4_2026_09_02,ca4d67f,1,san-miguel.obj,1e285ee0a46df887eacd0f7882784ac246c157a4ead01dd16b6f0460186711bd,binned_sah,bvh2/slot32_aos,robust,diffuse_1,A,1600666986228911999,closest_improves_incumbent,q_60_70,39026,8281,30745,0,145329,39808,290658,39808,93893,17089,187786,17089,S-analytic,S-probe-counterfactual
e2e4_2026_09_02,ca4d67f,1,san-miguel.obj,1e285ee0a46df887eacd0f7882784ac246c157a4ead01dd16b6f0460186711bd,binned_sah,bvh2/slot32_aos,robust,diffuse_1,A,1600666986228911999,closest_improves_incumbent,q_70_80,36251,7388,28863,0,139447,33488,278894,33488,89340,12923,178680,12923,S-analytic,S-probe-counterfactual
e2e4_2026_09_02,ca4d67f,1,san-miguel.obj,1e285ee0a46df887eacd0f7882784ac246c157a4ead01dd16b6f0460186711bd,binned_sah,bvh2/slot32_aos,robust,diffuse_1,A,1600666986228911999,closest_improves_incumbent,q_80_90,40751,7607,33144,0,151927,38574,303854,38574,97740,16239,195480,16239,S-analytic,S-probe-counterfactual
e2e4_2026_09_02,ca4d67f,1,san-miguel.obj,1e285ee0a46df887eacd0f7882784ac246c157a4ead01dd16b6f0460186711bd,binned_sah,bvh2/slot32_aos,robust,diffuse_1,A,1600666986228911999,closest_improves_incumbent,q_90_100,101398,39001,62397,0,271612,141808,543224,141808,141103,57871,282206,57871,S-analytic,S-probe-counterfactual
e2e4_2026_09_02,ca4d67f,1,san-miguel.obj,1e285ee0a46df887eacd0f7882784ac246c157a4ead01dd16b6f0460186711bd,binned_sah,bvh2/slot32_aos,robust,diffuse_1,A,1600666986228911999,closest_improves_incumbent,raw_gt_1,1444877,171894,1272983,0,10548805,1175347,21097610,1175347,7839129,473548,15678258,473548,S-analytic,S-probe-counterfactual
e2e4_2026_09_02,ca4d67f,1,san-miguel.obj,1e285ee0a46df887eacd0f7882784ac246c157a4ead01dd16b6f0460186711bd,binned_sah,bvh2/slot32_aos,robust,diffuse_1,A,1600666986228911999,closest_improves_incumbent,invalid,0,0,0,0,0,0,0,0,0,0,0,0,S-analytic,S-probe-counterfactual
e2e4_2026_09_02,ca4d67f,1,san-miguel.obj,1e285ee0a46df887eacd0f7882784ac246c157a4ead01dd16b6f0460186711bd,binned_sah,bvh2/slot32_aos,robust,diffuse_1,B,14345143039870854015,closest_improves_incumbent,q_00_10,28651,1219,27432,0,30922,52787,61844,52787,28706,49997,57412,49997,S-analytic,S-probe-counterfactual
e2e4_2026_09_02,ca4d67f,1,san-miguel.obj,1e285ee0a46df887eacd0f7882784ac246c157a4ead01dd16b6f0460186711bd,binned_sah,bvh2/slot32_aos,robust,diffuse_1,B,14345143039870854015,closest_improves_incumbent,q_10_20,9581,712,8869,0,12091,7981,24182,7981,10201,6747,20402,6747,S-analytic,S-probe-counterfactual
e2e4_2026_09_02,ca4d67f,1,san-miguel.obj,1e285ee0a46df887eacd0f7882784ac246c157a4ead01dd16b6f0460186711bd,binned_sah,bvh2/slot32_aos,robust,diffuse_1,B,14345143039870854015,closest_improves_incumbent,q_20_30,18197,1597,16600,0,27805,11730,55610,11730,23282,8996,46564,8996,S-analytic,S-probe-counterfactual
e2e4_2026_09_02,ca4d67f,1,san-miguel.obj,1e285ee0a46df887eacd0f7882784ac246c157a4ead01dd16b6f0460186711bd,binned_sah,bvh2/slot32_aos,robust,diffuse_1,B,14345143039870854015,closest_improves_incumbent,q_30_40,26161,3987,22174,0,39538,24078,79076,24078,29098,17560,58196,17560,S-analytic,S-probe-counterfactual
e2e4_2026_09_02,ca4d67f,1,san-miguel.obj,1e285ee0a46df887eacd0f7882784ac246c157a4ead01dd16b6f0460186711bd,binned_sah,bvh2/slot32_aos,robust,diffuse_1,B,14345143039870854015,closest_improves_incumbent,q_40_50,106110,23610,82500,0,62020,104038,124040,104038,44426,75681,88852,75681,S-analytic,S-probe-counterfactual
e2e4_2026_09_02,ca4d67f,1,san-miguel.obj,1e285ee0a46df887eacd0f7882784ac246c157a4ead01dd16b6f0460186711bd,binned_sah,bvh2/slot32_aos,robust,diffuse_1,B,14345143039870854015,closest_improves_incumbent,q_50_60,35036,10282,24754,0,117983,44804,235966,44804,73579,20387,147158,20387,S-analytic,S-probe-counterfactual
e2e4_2026_09_02,ca4d67f,1,san-miguel.obj,1e285ee0a46df887eacd0f7882784ac246c157a4ead01dd16b6f0460186711bd,binned_sah,bvh2/slot32_aos,robust,diffuse_1,B,14345143039870854015,closest_improves_incumbent,q_60_70,38856,8289,30567,0,146939,40331,293878,40331,95134,17781,190268,17781,S-analytic,S-probe-counterfactual
e2e4_2026_09_02,ca4d67f,1,san-miguel.obj,1e285ee0a46df887eacd0f7882784ac246c157a4ead01dd16b6f0460186711bd,binned_sah,bvh2/slot32_aos,robust,diffuse_1,B,14345143039870854015,closest_improves_incumbent,q_70_80,36335,7376,28959,0,139014,33191,278028,33191,90295,13212,180590,13212,S-analytic,S-probe-counterfactual
e2e4_2026_09_02,ca4d67f,1,san-miguel.obj,1e285ee0a46df887eacd0f7882784ac246c157a4ead01dd16b6f0460186711bd,binned_sah,bvh2/slot32_aos,robust,diffuse_1,B,14345143039870854015,closest_improves_incumbent,q_80_90,40571,7517,33054,0,151474,38133,302948,38133,97779,16421,195558,16421,S-analytic,S-probe-counterfactual
e2e4_2026_09_02,ca4d67f,1,san-miguel.obj,1e285ee0a46df887eacd0f7882784ac246c157a4ead01dd16b6f0460186711bd,binned_sah,bvh2/slot32_aos,robust,diffuse_1,B,14345143039870854015,closest_improves_incumbent,q_90_100,101798,38942,62856,0,275412,142840,550824,142840,144510,58363,289020,58363,S-analytic,S-probe-counterfactual
e2e4_2026_09_02,ca4d67f,1,san-miguel.obj,1e285ee0a46df887eacd0f7882784ac246c157a4ead01dd16b6f0460186711bd,binned_sah,bvh2/slot32_aos,robust,diffuse_1,B,14345143039870854015,closest_improves_incumbent,raw_gt_1,1445212,170684,1274528,0,10578015,1184492,21156030,1184492,7843001,472964,15686002,472964,S-analytic,S-probe-counterfactual
e2e4_2026_09_02,ca4d67f,1,san-miguel.obj,1e285ee0a46df887eacd0f7882784ac246c157a4ead01dd16b6f0460186711bd,binned_sah,bvh2/slot32_aos,robust,diffuse_1,B,14345143039870854015,closest_improves_incumbent,invalid,0,0,0,0,0,0,0,0,0,0,0,0,S-analytic,S-probe-counterfactual
e2e4_2026_09_02,ca4d67f,1,san-miguel.obj,1e285ee0a46df887eacd0f7882784ac246c157a4ead01dd16b6f0460186711bd,binned_sah,bvh2/slot32_aos,robust,incoherent,A,8799890937562947332,closest_improves_incumbent,q_00_10,213419,7295,206124,0,223363,362018,446726,362018,210655,347480,421310,347480,S-analytic,S-probe-counterfactual
e2e4_2026_09_02,ca4d67f,1,san-miguel.obj,1e285ee0a46df887eacd0f7882784ac246c157a4ead01dd16b6f0460186711bd,binned_sah,bvh2/slot32_aos,robust,incoherent,A,8799890937562947332,closest_improves_incumbent,q_10_20,141557,15612,125945,0,176731,173482,353462,173482,146827,148193,293654,148193,S-analytic,S-probe-counterfactual
e2e4_2026_09_02,ca4d67f,1,san-miguel.obj,1e285ee0a46df887eacd0f7882784ac246c157a4ead01dd16b6f0460186711bd,binned_sah,bvh2/slot32_aos,robust,incoherent,A,8799890937562947332,closest_improves_incumbent,q_20_30,155227,25947,129280,0,307384,191115,614768,191115,228308,141452,456616,141452,S-analytic,S-probe-counterfactual
e2e4_2026_09_02,ca4d67f,1,san-miguel.obj,1e285ee0a46df887eacd0f7882784ac246c157a4ead01dd16b6f0460186711bd,binned_sah,bvh2/slot32_aos,robust,incoherent,A,8799890937562947332,closest_improves_incumbent,q_30_40,202467,45013,157454,0,450681,234637,901362,234637,297666,147638,595332,147638,S-analytic,S-probe-counterfactual
e2e4_2026_09_02,ca4d67f,1,san-miguel.obj,1e285ee0a46df887eacd0f7882784ac246c157a4ead01dd16b6f0460186711bd,binned_sah,bvh2/slot32_aos,robust,incoherent,A,8799890937562947332,closest_improves_incumbent,q_40_50,553008,223571,329437,0,716815,631138,1433630,631138,431285,322803,862570,322803,S-analytic,S-probe-counterfactual
e2e4_2026_09_02,ca4d67f,1,san-miguel.obj,1e285ee0a46df887eacd0f7882784ac246c157a4ead01dd16b6f0460186711bd,binned_sah,bvh2/slot32_aos,robust,incoherent,A,8799890937562947332,closest_improves_incumbent,q_50_60,289581,105512,184069,0,1132082,456782,2264164,456782,583270,198431,1166540,198431,S-analytic,S-probe-counterfactual
e2e4_2026_09_02,ca4d67f,1,san-miguel.obj,1e285ee0a46df887eacd0f7882784ac246c157a4ead01dd16b6f0460186711bd,binned_sah,bvh2/slot32_aos,robust,incoherent,A,8799890937562947332,closest_improves_incumbent,q_60_70,269505,105563,163942,0,1320325,439791,2640650,439791,613439,154437,1226878,154437,S-analytic,S-probe-counterfactual
e2e4_2026_09_02,ca4d67f,1,san-miguel.obj,1e285ee0a46df887eacd0f7882784ac246c157a4ead01dd16b6f0460186711bd,binned_sah,bvh2/slot32_aos,robust,incoherent,A,8799890937562947332,closest_improves_incumbent,q_70_80,256423,110437,145986,0,1326826,404447,2653652,404447,567525,109739,1135050,109739,S-analytic,S-probe-counterfactual
e2e4_2026_09_02,ca4d67f,1,san-miguel.obj,1e285ee0a46df887eacd0f7882784ac246c157a4ead01dd16b6f0460186711bd,binned_sah,bvh2/slot32_aos,robust,incoherent,A,8799890937562947332,closest_improves_incumbent,q_80_90,233825,111663,122162,0,1230533,380020,2461066,380020,493605,84923,987210,84923,S-analytic,S-probe-counterfactual
e2e4_2026_09_02,ca4d67f,1,san-miguel.obj,1e285ee0a46df887eacd0f7882784ac246c157a4ead01dd16b6f0460186711bd,binned_sah,bvh2/slot32_aos,robust,incoherent,A,8799890937562947332,closest_improves_incumbent,q_90_100,402909,276771,126138,0,1517877,715515,3035754,715515,493623,101842,987246,101842,S-analytic,S-probe-counterfactual
e2e4_2026_09_02,ca4d67f,1,san-miguel.obj,1e285ee0a46df887eacd0f7882784ac246c157a4ead01dd16b6f0460186711bd,binned_sah,bvh2/slot32_aos,robust,incoherent,A,8799890937562947332,closest_improves_incumbent,raw_gt_1,3644892,1874461,1770431,0,42314240,7554539,84628480,7554539,9750630,647193,19501260,647193,S-analytic,S-probe-counterfactual
e2e4_2026_09_02,ca4d67f,1,san-miguel.obj,1e285ee0a46df887eacd0f7882784ac246c157a4ead01dd16b6f0460186711bd,binned_sah,bvh2/slot32_aos,robust,incoherent,A,8799890937562947332,closest_improves_incumbent,invalid,0,0,0,0,0,0,0,0,0,0,0,0,S-analytic,S-probe-counterfactual
e2e4_2026_09_02,ca4d67f,1,san-miguel.obj,1e285ee0a46df887eacd0f7882784ac246c157a4ead01dd16b6f0460186711bd,binned_sah,bvh2/slot32_aos,robust,incoherent,B,13815250498764364235,closest_improves_incumbent,q_00_10,215366,7701,207665,0,226711,367567,453422,367567,213210,352027,426420,352027,S-analytic,S-probe-counterfactual
e2e4_2026_09_02,ca4d67f,1,san-miguel.obj,1e285ee0a46df887eacd0f7882784ac246c157a4ead01dd16b6f0460186711bd,binned_sah,bvh2/slot32_aos,robust,incoherent,B,13815250498764364235,closest_improves_incumbent,q_10_20,137414,15214,122200,0,173614,169604,347228,169604,143902,144401,287804,144401,S-analytic,S-probe-counterfactual
e2e4_2026_09_02,ca4d67f,1,san-miguel.obj,1e285ee0a46df887eacd0f7882784ac246c157a4ead01dd16b6f0460186711bd,binned_sah,bvh2/slot32_aos,robust,incoherent,B,13815250498764364235,closest_improves_incumbent,q_20_30,152937,26017,126920,0,301672,187602,603344,187602,222407,137701,444814,137701,S-analytic,S-probe-counterfactual
e2e4_2026_09_02,ca4d67f,1,san-miguel.obj,1e285ee0a46df887eacd0f7882784ac246c157a4ead01dd16b6f0460186711bd,binned_sah,bvh2/slot32_aos,robust,incoherent,B,13815250498764364235,closest_improves_incumbent,q_30_40,199181,44339,154842,0,447300,232435,894600,232435,295429,145957,590858,145957,S-analytic,S-probe-counterfactual
e2e4_2026_09_02,ca4d67f,1,san-miguel.obj,1e285ee0a46df887eacd0f7882784ac246c157a4ead01dd16b6f0460186711bd,binned_sah,bvh2/slot32_aos,robust,incoherent,B,13815250498764364235,closest_improves_incumbent,q_40_50,550604,222960,327644,0,710049,626067,1420098,626067,426815,320251,853630,320251,S-analytic,S-probe-counterfactual
e2e4_2026_09_02,ca4d67f,1,san-miguel.obj,1e285ee0a46df887eacd0f7882784ac246c157a4ead01dd16b6f0460186711bd,binned_sah,bvh2/slot32_aos,robust,incoherent,B,13815250498764364235,closest_improves_incumbent,q_50_60,286597,104000,182597,0,1115542,451211,2231084,451211,576294,197655,1152588,197655,S-analytic,S-probe-counterfactual
e2e4_2026_09_02,ca4d67f,1,san-miguel.obj,1e285ee0a46df887eacd0f7882784ac246c157a4ead01dd16b6f0460186711bd,binned_sah,bvh2/slot32_aos,robust,incoherent,B,13815250498764364235,closest_improves_incumbent,q_60_70,267919,105003,162916,0,1310217,437347,2620434,437347,608763,154262,1217526,154262,S-analytic,S-probe-counterfactual
e2e4_2026_09_02,ca4d67f,1,san-miguel.obj,1e285ee0a46df887eacd0f7882784ac246c157a4ead01dd16b6f0460186711bd,binned_sah,bvh2/slot32_aos,robust,incoherent,B,13815250498764364235,closest_improves_incumbent,q_70_80,255016,109418,145598,0,1316417,398437,2632834,398437,566283,108221,1132566,108221,S-analytic,S-probe-counterfactual
e2e4_2026_09_02,ca4d67f,1,san-miguel.obj,1e285ee0a46df887eacd0f7882784ac246c157a4ead01dd16b6f0460186711bd,binned_sah,bvh2/slot32_aos,robust,incoherent,B,13815250498764364235,closest_improves_incumbent,q_80_90,232840,110358,122482,0,1217654,372589,2435308,372589,493869,83305,987738,83305,S-analytic,S-probe-counterfactual
e2e4_2026_09_02,ca4d67f,1,san-miguel.obj,1e285ee0a46df887eacd0f7882784ac246c157a4ead01dd16b6f0460186711bd,binned_sah,bvh2/slot32_aos,robust,incoherent,B,13815250498764364235,closest_improves_incumbent,q_90_100,402237,276626,125611,0,1506813,714333,3013626,714333,493711,103098,987422,103098,S-analytic,S-probe-counterfactual
e2e4_2026_09_02,ca4d67f,1,san-miguel.obj,1e285ee0a46df887eacd0f7882784ac246c157a4ead01dd16b6f0460186711bd,binned_sah,bvh2/slot32_aos,robust,incoherent,B,13815250498764364235,closest_improves_incumbent,raw_gt_1,3633507,1868802,1764705,0,42065298,7502584,84130596,7502584,9753978,646613,19507956,646613,S-analytic,S-probe-counterfactual
e2e4_2026_09_02,ca4d67f,1,san-miguel.obj,1e285ee0a46df887eacd0f7882784ac246c157a4ead01dd16b6f0460186711bd,binned_sah,bvh2/slot32_aos,robust,incoherent,B,13815250498764364235,closest_improves_incumbent,invalid,0,0,0,0,0,0,0,0,0,0,0,0,S-analytic,S-probe-counterfactual
