run_id,scene,ray_distribution,depth_band,band_lo,band_hi,max_depth,discordant_pairs,share_of_pairs,directional_mean_fill_win_rate,directional_win_rate,surface_density_win_rate,box_projected_ratio_win_rate,primitive_count_win_rate,directional_mean_fill_decided,directional_decided,surface_density_decided,box_projected_ratio_decided,primitive_count_decided
e2e4_2026_09_02,hairball.obj,diffuse_1,0-3,0,3,34,1913,0.089276,nan,0.590695,0.592263,0.445896,0.530580,0,1913,1913,1913,1913
e2e4_2026_09_02,hairball.obj,diffuse_1,4-7,4,7,34,2596,0.121150,0.598517,0.535824,0.535054,0.534284,0.535439,944,2596,2596,2596,2596
e2e4_2026_09_02,hairball.obj,diffuse_1,8-11,8,11,34,4003,0.186812,0.562193,0.546090,0.544342,0.486385,0.533983,2846,4003,4003,4003,4002
e2e4_2026_09_02,hairball.obj,diffuse_1,12-15,12,15,34,4316,0.201419,0.581715,0.583642,0.578313,0.473587,0.559742,4222,4316,4316,4316,4193
e2e4_2026_09_02,hairball.obj,diffuse_1,16-23,16,23,34,8582,0.400504,0.591004,0.612911,0.597879,0.548357,0.614904,8582,8582,8582,8582,5287
e2e4_2026_09_02,hairball.obj,diffuse_1,24-31,24,31,34,18,0.000840,0.277778,0.277778,0.277778,0.444444,nan,18,18,18,18,0
e2e4_2026_09_02,hairball.obj,incoherent,0-3,0,3,34,175382,0.084880,nan,0.515344,0.516769,0.508906,0.541418,0,175382,175382,175382,175382
e2e4_2026_09_02,hairball.obj,incoherent,4-7,4,7,34,256506,0.124142,0.638689,0.594247,0.594321,0.518522,0.594107,87642,256506,256506,256506,256506
e2e4_2026_09_02,hairball.obj,incoherent,8-11,8,11,34,373114,0.180578,0.578107,0.555299,0.554624,0.491064,0.548270,228826,373114,373114,373114,372446
e2e4_2026_09_02,hairball.obj,incoherent,12-15,12,15,34,403258,0.195167,0.583032,0.580975,0.579269,0.478783,0.552072,374242,403258,403258,403254,393389
e2e4_2026_09_02,hairball.obj,incoherent,16-23,16,23,34,852836,0.412751,0.586274,0.607853,0.589977,0.552847,0.613666,852208,852836,852836,852798,533419
e2e4_2026_09_02,hairball.obj,incoherent,24-31,24,31,34,5129,0.002482,0.551764,0.585299,0.564827,0.537832,0.668081,5129,5129,5129,5128,943
e2e4_2026_09_02,hairball.obj,primary,0-3,0,3,34,2434,0.113680,nan,0.506163,0.506163,0.533279,0.506574,0,2434,2434,2434,2434
e2e4_2026_09_02,hairball.obj,primary,4-7,4,7,34,3077,0.143711,0.616482,0.562886,0.562236,0.499188,0.563536,1262,3077,3077,3077,3077
e2e4_2026_09_02,hairball.obj,primary,8-11,8,11,34,4279,0.199851,0.581464,0.570460,0.568357,0.474410,0.564841,3388,4279,4279,4279,4272
e2e4_2026_09_02,hairball.obj,primary,12-15,12,15,34,3868,0.180655,0.602733,0.602120,0.601344,0.466649,0.570354,3806,3868,3868,3868,3724
e2e4_2026_09_02,hairball.obj,primary,16-23,16,23,34,7741,0.361543,0.592817,0.618783,0.597985,0.565302,0.628491,7741,7741,7741,7741,4619
e2e4_2026_09_02,hairball.obj,primary,24-31,24,31,34,12,0.000560,0.750000,0.583333,0.583333,0.666667,1.000000,12,12,12,12,1
e2e4_2026_09_02,hairball.obj,shadow_ao,0-3,0,3,34,1337,0.072041,nan,0.584144,0.583396,0.464473,0.545999,0,1337,1337,1337,1337
e2e4_2026_09_02,hairball.obj,shadow_ao,4-7,4,7,34,2306,0.124252,0.602477,0.548135,0.548135,0.535559,0.549003,888,2306,2306,2306,2306
e2e4_2026_09_02,hairball.obj,shadow_ao,8-11,8,11,34,3784,0.203890,0.567050,0.554968,0.557875,0.482558,0.547185,2871,3784,3784,3784,3783
e2e4_2026_09_02,hairball.obj,shadow_ao,12-15,12,15,34,3902,0.210248,0.591291,0.595079,0.589954,0.470784,0.549987,3812,3902,3902,3902,3771
e2e4_2026_09_02,hairball.obj,shadow_ao,16-23,16,23,34,7220,0.389030,0.588309,0.609972,0.597922,0.554709,0.615437,7219,7220,7220,7220,4379
e2e4_2026_09_02,hairball.obj,shadow_ao,24-31,24,31,34,10,0.000539,0.500000,0.300000,0.300000,0.700000,1.000000,10,10,10,10,1
e2e4_2026_09_02,intel-sponza.obj,diffuse_1,0-3,0,3,31,385,0.176444,0.475410,0.477922,0.483117,0.402597,0.498701,61,385,385,385,385
e2e4_2026_09_02,intel-sponza.obj,diffuse_1,4-7,4,7,31,289,0.132447,0.668033,0.633218,0.595156,0.335640,0.605536,244,289,289,289,289
e2e4_2026_09_02,intel-sponza.obj,diffuse_1,8-11,8,11,31,327,0.149863,0.597315,0.582524,0.585761,0.407767,0.565836,298,309,309,309,281
e2e4_2026_09_02,intel-sponza.obj,diffuse_1,12-15,12,15,31,486,0.222731,0.546539,0.549763,0.571090,0.508393,0.496774,419,422,422,417,310
e2e4_2026_09_02,intel-sponza.obj,diffuse_1,16-23,16,23,31,694,0.318057,0.505988,0.553731,0.511144,0.544361,0.532847,668,670,673,665,274
e2e4_2026_09_02,intel-sponza.obj,diffuse_1,24-31,24,31,31,1,0.000458,1.000000,1.000000,0.000000,1.000000,nan,1,1,1,1,0
e2e4_2026_09_02,intel-sponza.obj,incoherent,0-3,0,3,31,464170,0.235817,0.499751,0.515305,0.560713,0.512454,0.531017,114597,464170,464170,464170,464170
e2e4_2026_09_02,intel-sponza.obj,incoherent,4-7,4,7,31,432219,0.219584,0.661241,0.652204,0.658636,0.451827,0.544543,379258,432219,432219,432219,431986
e2e4_2026_09_02,intel-sponza.obj,incoherent,8-11,8,11,31,431593,0.219266,0.633754,0.638207,0.613671,0.473315,0.532094,341680,347749,347781,309576,247962
e2e4_2026_09_02,intel-sponza.obj,incoherent,12-15,12,15,31,373679,0.189844,0.579170,0.575775,0.568159,0.514266,0.469206,263261,270411,279730,251675,119600
e2e4_2026_09_02,intel-sponza.obj,incoherent,16-23,16,23,31,260703,0.132447,0.546421,0.550122,0.548826,0.514068,0.521299,227517,229791,233360,211015,72822
e2e4_2026_09_02,intel-sponza.obj,incoherent,24-31,24,31,31,5987,0.003042,0.519013,0.520872,0.529402,0.501472,0.531293,5917,5917,5918,5775,719
e2e4_2026_09_02,intel-sponza.obj,primary,0-3,0,3,31,2855,0.173842,0.242175,0.533450,0.686865,0.697373,0.547461,607,2855,2855,2855,2855
e2e4_2026_09_02,intel-sponza.obj,primary,4-7,4,7,31,2988,0.181940,0.627865,0.684070,0.740295,0.599063,0.497323,2749,2988,2988,2988,2988
e2e4_2026_09_02,intel-sponza.obj,primary,8-11,8,11,31,5647,0.343847,0.635662,0.619418,0.594046,0.596740,0.386565,2849,2956,2956,2331,1697
e2e4_2026_09_02,intel-sponza.obj,primary,12-15,12,15,31,2915,0.177495,0.560874,0.550967,0.558415,0.520633,0.425024,1922,1913,1943,1769,1047
e2e4_2026_09_02,intel-sponza.obj,primary,16-23,16,23,31,2014,0.122633,0.540966,0.537696,0.555034,0.523784,0.518127,1904,1910,1917,1871,662
e2e4_2026_09_02,intel-sponza.obj,primary,24-31,24,31,31,4,0.000244,0.500000,0.500000,0.500000,0.750000,nan,4,4,4,4,0
e2e4_2026_09_02,intel-sponza.obj,shadow_ao,0-3,0,3,31,14539,0.164535,0.478299,0.423619,0.416191,0.387097,0.440264,2304,14539,14539,14539,14539
e2e4_2026_09_02,intel-sponza.obj,shadow_ao,4-7,4,7,31,13452,0.152234,0.646480,0.533675,0.563188,0.353330,0.603776,11278,13452,13452,13452,13452
e2e4_2026_09_02,intel-sponza.obj,shadow_ao,8-11,8,11,31,15254,0.172627,0.628394,0.596065,0.568928,0.425577,0.563915,14031,14740,14740,14740,13823
e2e4_2026_09_02,intel-sponza.obj,shadow_ao,12-15,12,15,31,18892,0.213797,0.579558,0.578760,0.577538,0.533188,0.514033,17063,17109,17211,17024,13326
e2e4_2026_09_02,intel-sponza.obj,shadow_ao,16-23,16,23,31,26138,0.295799,0.547974,0.550968,0.546511,0.535699,0.544732,25295,25359,25467,25253,10440
e2e4_2026_09_02,intel-sponza.obj,shadow_ao,24-31,24,31,31,89,0.001007,0.550562,0.471910,0.449438,0.574713,0.500000,89,89,89,87,6
e2e4_2026_09_02,san-miguel.obj,diffuse_1,0-3,0,3,62,39792,0.312879,0.239546,0.487988,0.500779,0.502413,0.427347,6170,39792,39792,39792,39792
e2e4_2026_09_02,san-miguel.obj,diffuse_1,4-7,4,7,62,19586,0.154002,0.707399,0.673886,0.667986,0.531697,0.401056,10434,13897,13897,13897,13634
e2e4_2026_09_02,san-miguel.obj,diffuse_1,8-11,8,11,62,44410,0.349190,0.612106,0.630900,0.628363,0.564570,0.593980,35074,36570,36576,35264,18206
e2e4_2026_09_02,san-miguel.obj,diffuse_1,12-15,12,15,62,11898,0.093552,0.690980,0.687392,0.689325,0.376223,0.538916,11297,11564,11578,11448,6090
e2e4_2026_09_02,san-miguel.obj,diffuse_1,16-23,16,23,62,10850,0.085312,0.572715,0.575346,0.573379,0.519113,0.536234,10218,10246,10255,9653,6182
e2e4_2026_09_02,san-miguel.obj,diffuse_1,24-31,24,31,62,644,0.005064,0.540984,0.559738,0.554828,0.543321,0.547009,610,611,611,554,117
e2e4_2026_09_02,san-miguel.obj,incoherent,0-3,0,3,62,386094,0.288555,0.416751,0.469059,0.454306,0.407318,0.440434,84662,386094,386094,386094,386094
e2e4_2026_09_02,san-miguel.obj,incoherent,4-7,4,7,62,245601,0.183555,0.732108,0.673389,0.664496,0.519212,0.450613,156567,202850,203050,202759,200234
e2e4_2026_09_02,san-miguel.obj,incoherent,8-11,8,11,62,379164,0.283375,0.650381,0.642228,0.638512,0.566434,0.529799,313905,328103,328216,310557,205191
e2e4_2026_09_02,san-miguel.obj,incoherent,12-15,12,15,62,156801,0.117188,0.622261,0.626874,0.625176,0.488885,0.504979,144817,148781,148910,146198,94588
e2e4_2026_09_02,san-miguel.obj,incoherent,16-23,16,23,62,160156,0.119696,0.584337,0.589285,0.585191,0.511665,0.538488,151233,152030,152545,143852,86390
e2e4_2026_09_02,san-miguel.obj,incoherent,24-31,24,31,62,10211,0.007631,0.546945,0.556146,0.546266,0.530845,0.597792,9394,9404,9413,8413,2265
e2e4_2026_09_02,san-miguel.obj,primary,0-3,0,3,62,1933,0.289501,0.236842,0.437662,0.437662,0.526125,0.367305,380,1933,1933,1933,1933
e2e4_2026_09_02,san-miguel.obj,primary,4-7,4,7,62,1308,0.195896,0.791281,0.721782,0.725743,0.625621,0.256000,757,1010,1010,1007,1000
e2e4_2026_09_02,san-miguel.obj,primary,8-11,8,11,62,2337,0.350007,0.680654,0.676232,0.662520,0.601931,0.550409,1835,1847,1849,1761,1101
e2e4_2026_09_02,san-miguel.obj,primary,12-15,12,15,62,732,0.109630,0.622378,0.645251,0.645251,0.432203,0.419847,715,716,716,708,393
e2e4_2026_09_02,san-miguel.obj,primary,16-23,16,23,62,364,0.054516,0.591837,0.594752,0.606414,0.563333,0.578125,343,343,343,300,192
e2e4_2026_09_02,san-miguel.obj,primary,24-31,24,31,62,3,0.000449,0.333333,0.333333,0.333333,0.000000,nan,3,3,3,1,0
e2e4_2026_09_02,san-miguel.obj,shadow_ao,0-3,0,3,62,17182,0.310857,0.408696,0.472704,0.417472,0.349901,0.397393,1150,17182,17182,17182,17182
e2e4_2026_09_02,san-miguel.obj,shadow_ao,4-7,4,7,62,9576,0.173249,0.704136,0.612918,0.632656,0.423672,0.446603,5053,6580,6596,6590,6536
e2e4_2026_09_02,san-miguel.obj,shadow_ao,8-11,8,11,62,16483,0.298211,0.597082,0.646712,0.637100,0.524589,0.636018,12953,13213,13213,13197,8690
e2e4_2026_09_02,san-miguel.obj,shadow_ao,12-15,12,15,62,6430,0.116332,0.710999,0.710984,0.711740,0.344590,0.515231,6128,6273,6286,6248,3053
e2e4_2026_09_02,san-miguel.obj,shadow_ao,16-23,16,23,62,5376,0.097263,0.570680,0.574472,0.570941,0.506297,0.513812,4959,4975,4983,4685,2896
e2e4_2026_09_02,san-miguel.obj,shadow_ao,24-31,24,31,62,226,0.004089,0.557143,0.566667,0.566667,0.539267,0.487805,210,210,210,191,41
