run_id,git_commit,dirty,scene,scene_sha256,triangles,builder,bins,max_leaf_size,layout,mode,threads,nodes,max_depth,ray_set,ray_seed,ray_seed_value,rayset_hash,width,height,incoherent_count,query_kind,validation,rays,rays_with_pairs,parent_visits,candidate_events,candidate_events_in_pair_rows,valid_candidate_events,relevant_hit_events,false_positive_events,invalid_events,saturated_events,invalid_rate,saturation_rate,false_positive_rate,discordant_pairs,directional_correct,directional_ties,directional_accuracy,surface_density_correct,surface_density_ties,surface_density_accuracy,primitive_count_correct,primitive_count_ties,primitive_count_accuracy,box_surface_ratio_correct,box_surface_ratio_ties,box_surface_ratio_accuracy,box_projected_ratio_correct,box_projected_ratio_ties,box_projected_ratio_accuracy,directional_mean_fill_correct,directional_mean_fill_ties,directional_mean_fill_accuracy,directional_min_fill_correct,directional_min_fill_ties,directional_min_fill_accuracy,fill_mean_clamp_a0_correct,fill_mean_clamp_a0_ties,fill_mean_clamp_a0_accuracy,fill_mean_clamp_a05_correct,fill_mean_clamp_a05_ties,fill_mean_clamp_a05_accuracy,fill_mean_clamp_a2_correct,fill_mean_clamp_a2_ties,fill_mean_clamp_a2_accuracy,fill_mean_exp_correct,fill_mean_exp_ties,fill_mean_exp_accuracy,fill_min_clamp_correct,fill_min_clamp_ties,fill_min_clamp_accuracy,directional_ci_lo,directional_ci_hi,ci_valid,best_control,best_control_accuracy,delta_pp,delta_ci_lo_pp,delta_ci_hi_pp,probe_node_steps,probe_prim_steps,probe_box_tests,probe_tri_tests,false_positive_node_steps,false_positive_prim_steps,false_positive_box_tests,false_positive_tri_tests,trace_node_steps,trace_prim_steps,trace_box_tests,trace_tri_tests,trace_max_stack,trace_hits,support_ok,support_min_valid_events,support_min_pairs,bootstrap_seed,bootstrap_samples,analysis_ms,descriptor_ms,source_analytic,source_probe_steps,source_trace_steps
e2e4_2026_09_02,ca4d67f,1,intel-sponza.obj,f464f3684ce831af16f89da4cc6395e92c625bb6cf123b2bbe49ec33aed414a3,3746948,binned_sah,32,1,bvh2/slot32_aos,robust,1,7493895,31,primary,A,11400714819323198485,8269058876172130199,128,128,262144,closest_improves_incumbent,oracle_sample_match,16384,4571,124248,140031,135246,140031,91216,48815,0,70845,0.000000,0.505924,0.348601,16423,7481,3797,0.455520,8080,3760,0.491993,4493,7174,0.273580,7028,4705,0.427936,7076,4605,0.430859,5794,6388,0.352798,6052,4568,0.368508,5598,6437,0.340863,5748,6300,0.349997,5839,6331,0.355538,7423,3781,0.451988,4691,7080,0.285636,0.447830,0.463044,1,surface_density,0.491993,-3.6473,-4.2114,-3.0841,1094533,302427,2189066,302427,167893,53755,335786,53755,124248,17267,232112,17267,15,4571,1,10000,1000,0xD1D1D1D1D1D1D1D1,2000,92.2,209.8,S-analytic,S-probe-counterfactual,S-cpu-analysis-mirror
e2e4_2026_09_02,ca4d67f,1,intel-sponza.obj,f464f3684ce831af16f89da4cc6395e92c625bb6cf123b2bbe49ec33aed414a3,3746948,binned_sah,32,1,bvh2/slot32_aos,robust,1,7493895,31,shadow_ao,A,11400714819323198485,13059770834929451202,1024,1024,262144,any_occluder_in_range,oracle_sample_match,292513,7861,2269343,2387275,436063,2387275,163286,2223989,0,1011919,0.000000,0.423880,0.931602,43359,22530,1545,0.519615,22506,1439,0.519062,16990,11241,0.391845,19628,1634,0.452686,19296,1627,0.445029,20095,9019,0.463456,21457,2240,0.494868,18672,9429,0.430637,19920,9014,0.459420,20021,9032,0.461750,22901,1508,0.528172,18236,9723,0.420582,0.514864,0.524364,1,fill_mean_exp,0.528172,-0.8556,-1.2271,-0.4836,22119350,7459603,44238700,7459603,19030668,6367294,38061336,6367294,2269343,377971,4246173,377971,13,7866,1,10000,1000,0xD1D1D1D1D1D1D1D1,2000,1101.0,209.8,S-analytic,S-probe-counterfactual,S-cpu-analysis-mirror
e2e4_2026_09_02,ca4d67f,1,intel-sponza.obj,f464f3684ce831af16f89da4cc6395e92c625bb6cf123b2bbe49ec33aed414a3,3746948,binned_sah,32,1,bvh2/slot32_aos,robust,1,7493895,31,shadow_ao,B,14029467366897019727,10273955076000355927,1024,1024,262144,any_occluder_in_range,oracle_sample_match,292513,8088,2269434,2388416,455194,2388416,169111,2219305,0,1011389,0.000000,0.423456,0.929195,45005,23510,1531,0.522386,23405,1427,0.520053,17868,11537,0.397023,20345,1646,0.452061,20013,1642,0.444684,20914,9285,0.464704,22402,2193,0.497767,19514,9637,0.433596,20692,9270,0.459771,20798,9287,0.462126,23809,1492,0.529030,19066,9946,0.423642,0.517656,0.526960,1,fill_mean_exp,0.529030,-0.6644,-1.0515,-0.3062,22148074,7467786,44296148,7467786,18914586,6306213,37829172,6306213,2269434,377915,4246355,377915,13,8094,1,10000,1000,0xD1D1D1D1D1D1D1D1,2000,1107.1,209.8,S-analytic,S-probe-counterfactual,S-cpu-analysis-mirror
e2e4_2026_09_02,ca4d67f,1,intel-sponza.obj,f464f3684ce831af16f89da4cc6395e92c625bb6cf123b2bbe49ec33aed414a3,3746948,binned_sah,32,1,bvh2/slot32_aos,robust,1,7493895,31,diffuse_1,A,11400714819323198485,6850038901228734019,128,128,262144,closest_improves_incumbent,oracle_sample_match,4571,169,39209,41748,12714,41748,4322,37426,0,17601,0.000000,0.421601,0.896474,1109,593,50,0.534716,563,47,0.507665,419,312,0.377818,493,53,0.444545,510,52,0.459874,476,246,0.429216,560,70,0.504959,472,257,0.425609,478,245,0.431019,488,245,0.440036,591,50,0.532913,459,263,0.413886,0.502691,0.563819,1,fill_mean_exp,0.532913,0.1803,-2.3643,2.4186,394947,128769,789894,128769,310630,104421,621260,104421,39209,6524,73847,6524,14,169,1,10000,1000,0xD1D1D1D1D1D1D1D1,2000,42.7,209.8,S-analytic,S-probe-counterfactual,S-cpu-analysis-mirror
e2e4_2026_09_02,ca4d67f,1,intel-sponza.obj,f464f3684ce831af16f89da4cc6395e92c625bb6cf123b2bbe49ec33aed414a3,3746948,binned_sah,32,1,bvh2/slot32_aos,robust,1,7493895,31,diffuse_1,B,14029467366897019727,4471768159497229620,128,128,262144,closest_improves_incumbent,oracle_sample_match,4571,168,38526,40850,11537,40850,4324,36526,0,17548,0.000000,0.429572,0.894149,1073,558,56,0.520037,561,56,0.522833,407,331,0.379310,450,65,0.419385,443,64,0.412861,462,245,0.430568,533,77,0.496738,442,252,0.411929,450,244,0.419385,473,246,0.440820,558,57,0.520037,442,264,0.411929,0.491409,0.546724,1,surface_density,0.522833,-0.2796,-2.8125,2.0755,381794,125001,763588,125001,304571,103930,609142,103930,38526,6337,72481,6337,13,168,1,10000,1000,0xD1D1D1D1D1D1D1D1,2000,41.8,209.8,S-analytic,S-probe-counterfactual,S-cpu-analysis-mirror
e2e4_2026_09_02,ca4d67f,1,intel-sponza.obj,f464f3684ce831af16f89da4cc6395e92c625bb6cf123b2bbe49ec33aed414a3,3746948,binned_sah,32,1,bvh2/slot32_aos,robust,1,7493895,31,incoherent,A,11400714819323198485,4467259490657145187,128,128,262144,closest_improves_incumbent,oracle_sample_match,262144,243424,8012435,8949938,8716738,8949938,4836660,4113278,0,4885616,0.000000,0.545883,0.459587,984417,514484,108979,0.522628,524845,102487,0.533153,354210,315621,0.359817,404265,150769,0.410664,410085,146942,0.416577,402547,317840,0.408919,465239,150528,0.472604,381604,324876,0.387645,403006,311834,0.409385,401777,317023,0.408137,518247,108752,0.526451,355841,353306,0.361474,0.521667,0.523551,1,surface_density,0.533153,-1.0525,-1.1299,-0.9767,74259419,13833200,148518838,13833200,15661034,2125328,31322068,2125328,8012435,748258,15762726,748258,18,243457,1,10000,1000,0xD1D1D1D1D1D1D1D1,2000,4836.2,209.8,S-analytic,S-probe-counterfactual,S-cpu-analysis-mirror
e2e4_2026_09_02,ca4d67f,1,intel-sponza.obj,f464f3684ce831af16f89da4cc6395e92c625bb6cf123b2bbe49ec33aed414a3,3746948,binned_sah,32,1,bvh2/slot32_aos,robust,1,7493895,31,incoherent,B,14029467366897019727,1820974080651448798,128,128,262144,closest_improves_incumbent,oracle_sample_match,262144,243401,8008518,8944092,8712206,8944092,4833452,4110640,0,4888593,0.000000,0.546572,0.459593,983934,513727,109115,0.522115,523657,102686,0.532207,353907,315471,0.359686,404593,150809,0.411199,410396,146979,0.417097,401909,318281,0.408472,464832,150480,0.472422,380633,325116,0.386848,402418,312235,0.408989,400869,317342,0.407415,517702,108995,0.526155,355275,353371,0.361076,0.521158,0.523118,1,surface_density,0.532207,-1.0092,-1.0865,-0.9247,74221498,13797053,148442996,13797053,15662905,2095428,31325810,2095428,8008518,745913,15754892,745913,18,243439,1,10000,1000,0xD1D1D1D1D1D1D1D1,2000,4782.4,209.8,S-analytic,S-probe-counterfactual,S-cpu-analysis-mirror
e2e4_2026_09_02,ca4d67f,1,hairball.obj,1fc018d947fbd9d5099dea9bc104ae38a708f25ac2dedeb1f5b722ac79b96465,2880000,binned_sah,32,1,bvh2/slot32_aos,robust,1,5759999,34,primary,A,11400714819323198485,15603933574072774811,128,128,262144,closest_improves_incumbent,oracle_sample_match,16384,2259,326650,408327,325782,408327,59096,349231,0,89950,0.000000,0.220289,0.855273,21411,12531,0,0.585260,12356,0,0.577087,10408,3284,0.486105,11005,0,0.513988,11053,0,0.516230,9640,5202,0.450236,12145,0,0.567232,9574,5202,0.447153,9634,5202,0.449956,9658,5202,0.451077,12374,0,0.577927,9487,5202,0.443090,0.579178,0.591760,1,fill_mean_exp,0.577927,0.7333,0.4081,1.0477,4748559,2059440,9497118,2059440,2353627,1077748,4707254,1077748,326650,86142,636916,86142,19,2259,1,10000,1000,0xD1D1D1D1D1D1D1D1,2000,296.5,118.5,S-analytic,S-probe-counterfactual,S-cpu-analysis-mirror
e2e4_2026_09_02,ca4d67f,1,hairball.obj,1fc018d947fbd9d5099dea9bc104ae38a708f25ac2dedeb1f5b722ac79b96465,2880000,binned_sah,32,1,bvh2/slot32_aos,robust,1,5759999,34,shadow_ao,A,11400714819323198485,6038965400659644694,128,128,262144,any_occluder_in_range,oracle_sample_match,2259,1210,148199,191568,106656,191568,29134,162434,0,40133,0.000000,0.209497,0.847918,9336,5479,0,0.586868,5426,0,0.581191,4436,1486,0.475150,4702,0,0.503642,4815,0,0.515746,4404,1847,0.471722,5361,0,0.574229,4389,1847,0.470116,4402,1847,0.471508,4408,1847,0.472151,5395,0,0.577871,4355,1847,0.466474,0.576923,0.596423,1,surface_density,0.581191,0.5677,0.0428,1.0792,2186908,896498,4373816,896498,1388583,618525,2777166,618525,148199,39015,294139,39015,14,1210,1,10000,1000,0xD1D1D1D1D1D1D1D1,2000,120.8,118.5,S-analytic,S-probe-counterfactual,S-cpu-analysis-mirror
e2e4_2026_09_02,ca4d67f,1,hairball.obj,1fc018d947fbd9d5099dea9bc104ae38a708f25ac2dedeb1f5b722ac79b96465,2880000,binned_sah,32,1,bvh2/slot32_aos,robust,1,5759999,34,shadow_ao,B,14029467366897019727,12098494441538982105,128,128,262144,any_occluder_in_range,oracle_sample_match,2259,1196,148560,191344,104221,191344,28733,162611,0,39867,0.000000,0.208352,0.849836,9223,5395,0,0.584951,5351,0,0.580180,4400,1496,0.477068,4593,0,0.497994,4716,0,0.511330,4265,1912,0.462431,5236,0,0.567711,4217,1912,0.457226,4233,1912,0.458961,4269,1912,0.462865,5329,0,0.577795,4219,1912,0.457443,0.575811,0.594702,1,surface_density,0.580180,0.4771,-0.0656,0.9927,2180677,880485,4361354,880485,1396197,614423,2792394,614423,148560,38410,294861,38410,13,1197,1,10000,1000,0xD1D1D1D1D1D1D1D1,2000,126.1,118.5,S-analytic,S-probe-counterfactual,S-cpu-analysis-mirror
e2e4_2026_09_02,ca4d67f,1,hairball.obj,1fc018d947fbd9d5099dea9bc104ae38a708f25ac2dedeb1f5b722ac79b96465,2880000,binned_sah,32,1,bvh2/slot32_aos,robust,1,5759999,34,diffuse_1,A,11400714819323198485,6166606655053877372,128,128,262144,closest_improves_incumbent,oracle_sample_match,2259,1272,169730,221160,142917,221160,32400,188760,0,46188,0.000000,0.208844,0.853500,10755,6282,0,0.584100,6215,0,0.577871,5160,1693,0.479777,5392,0,0.501348,5493,0,0.510739,4934,2362,0.458763,6171,0,0.573780,4919,2362,0.457369,4914,2362,0.456904,4927,2362,0.458113,6189,0,0.575453,4878,2362,0.453556,0.575097,0.593454,1,surface_density,0.577871,0.6230,0.1264,1.1134,2615351,1136528,5230702,1136528,1491248,673907,2982496,673907,169730,48407,337201,48407,19,1272,1,10000,1000,0xD1D1D1D1D1D1D1D1,2000,163.5,118.5,S-analytic,S-probe-counterfactual,S-cpu-analysis-mirror
e2e4_2026_09_02,ca4d67f,1,hairball.obj,1fc018d947fbd9d5099dea9bc104ae38a708f25ac2dedeb1f5b722ac79b96465,2880000,binned_sah,32,1,bvh2/slot32_aos,robust,1,5759999,34,diffuse_1,B,14029467366897019727,601445350524603615,128,128,262144,closest_improves_incumbent,oracle_sample_match,2259,1262,171470,223155,141761,223155,32126,191029,0,46616,0.000000,0.208895,0.856037,10673,6209,0,0.581748,6118,0,0.573222,4980,1744,0.466598,5323,0,0.498735,5452,0,0.510822,4764,2454,0.446360,5977,0,0.560011,4771,2454,0.447016,4780,2454,0.447859,4746,2454,0.444673,6086,0,0.570224,4681,2454,0.438583,0.572827,0.591224,1,surface_density,0.573222,0.8526,0.3498,1.3899,2624606,1134947,5249212,1134947,1522855,684774,3045710,684774,171470,48771,340681,48771,20,1262,1,10000,1000,0xD1D1D1D1D1D1D1D1,2000,163.4,118.5,S-analytic,S-probe-counterfactual,S-cpu-analysis-mirror
e2e4_2026_09_02,ca4d67f,1,hairball.obj,1fc018d947fbd9d5099dea9bc104ae38a708f25ac2dedeb1f5b722ac79b96465,2880000,binned_sah,32,1,bvh2/slot32_aos,robust,1,5759999,34,incoherent,A,11400714819323198485,12723985330855343560,128,128,262144,closest_improves_incumbent,oracle_sample_match,262144,119041,14482681,18635416,14431811,18635416,3173877,15461539,0,4664817,0.000000,0.250320,0.829686,1032975,601878,0,0.582665,593998,0,0.575036,497928,167297,0.482033,523079,19,0.506381,535967,19,0.518858,453856,258807,0.439368,586434,0,0.567714,450834,258807,0.436442,452215,258807,0.437779,453430,258807,0.438955,592754,0,0.573832,447916,258807,0.433617,0.581759,0.583554,1,surface_density,0.575036,0.7628,0.7091,0.8140,222346791,93828562,444693582,93828562,105990396,46553949,211980792,46553949,14482681,3854023,28703218,3854023,22,119042,1,10000,1000,0xD1D1D1D1D1D1D1D1,2000,13378.3,118.5,S-analytic,S-probe-counterfactual,S-cpu-analysis-mirror
e2e4_2026_09_02,ca4d67f,1,hairball.obj,1fc018d947fbd9d5099dea9bc104ae38a708f25ac2dedeb1f5b722ac79b96465,2880000,binned_sah,32,1,bvh2/slot32_aos,robust,1,5759999,34,incoherent,B,14029467366897019727,7725292624438403857,128,128,262144,closest_improves_incumbent,oracle_sample_match,262144,118967,14505877,18667925,14484944,18667925,3168085,15499840,0,4659338,0.000000,0.249591,0.830293,1033250,603806,0,0.584376,595665,0,0.576496,498770,166843,0.482720,523938,24,0.507078,536809,24,0.519534,455058,259371,0.440414,587609,0,0.568700,452107,259371,0.437558,453434,259371,0.438842,454526,259371,0.439899,594159,0,0.575039,448867,259371,0.434422,0.583471,0.585332,1,surface_density,0.576496,0.7879,0.7365,0.8372,222779867,94076304,445559734,94076304,106283793,46739536,212567586,46739536,14505877,3861324,28749610,3861324,23,118968,1,10000,1000,0xD1D1D1D1D1D1D1D1,2000,13372.2,118.5,S-analytic,S-probe-counterfactual,S-cpu-analysis-mirror
e2e4_2026_09_02,ca4d67f,1,san-miguel.obj,1e285ee0a46df887eacd0f7882784ac246c157a4ead01dd16b6f0460186711bd,9971513,binned_sah,32,1,bvh2/slot32_aos,robust,1,19943025,62,primary,A,11400714819323198485,3781558343774615031,128,128,262144,closest_improves_incumbent,oracle_sample_match,16384,1994,62880,60394,55100,60394,32915,27479,0,38260,0.000000,0.633507,0.454996,6677,3491,825,0.522840,3475,823,0.520443,1848,2058,0.276771,3183,979,0.476711,3182,967,0.476561,2587,2644,0.387449,2977,1055,0.445859,2357,2637,0.353003,2573,2632,0.385353,2591,2632,0.388049,3521,824,0.527333,2151,2863,0.322151,0.508649,0.536675,1,fill_mean_exp,0.527333,-0.4493,-1.0413,0.1617,418470,131385,836940,131385,87909,27657,175818,27657,62880,7893,109376,7893,15,2000,1,10000,1000,0xD1D1D1D1D1D1D1D1,2000,110.9,618.9,S-analytic,S-probe-counterfactual,S-cpu-analysis-mirror
e2e4_2026_09_02,ca4d67f,1,san-miguel.obj,1e285ee0a46df887eacd0f7882784ac246c157a4ead01dd16b6f0460186711bd,9971513,binned_sah,32,1,bvh2/slot32_aos,robust,1,19943025,62,shadow_ao,A,11400714819323198485,14461018699944980875,1024,1024,262144,any_occluder_in_range,oracle_sample_match,127679,8306,1673251,1632789,191305,1632789,116627,1516162,0,1352907,0.000000,0.828587,0.928572,27946,14267,3443,0.510520,13805,3421,0.493988,9285,8498,0.332248,10303,3622,0.368675,10348,3606,0.370286,9639,12595,0.344915,12727,3905,0.455414,8061,12644,0.288449,9342,12579,0.334288,9572,12579,0.342518,13428,3434,0.480498,9076,13047,0.324769,0.504679,0.516229,1,surface_density,0.493988,1.6532,1.3768,1.9231,9436110,878226,18872220,878226,8319989,577781,16639978,577781,1673251,67022,3218823,67022,14,8307,1,10000,1000,0xD1D1D1D1D1D1D1D1,2000,609.6,618.9,S-analytic,S-probe-counterfactual,S-cpu-analysis-mirror
e2e4_2026_09_02,ca4d67f,1,san-miguel.obj,1e285ee0a46df887eacd0f7882784ac246c157a4ead01dd16b6f0460186711bd,9971513,binned_sah,32,1,bvh2/slot32_aos,robust,1,19943025,62,shadow_ao,B,14029467366897019727,17592145241872402267,1024,1024,262144,any_occluder_in_range,oracle_sample_match,127679,8161,1672161,1631250,188630,1631250,114252,1516998,0,1351727,0.000000,0.828645,0.929960,27327,13870,3397,0.507557,13397,3382,0.490248,9070,8377,0.331906,9962,3596,0.364548,10007,3574,0.366195,9427,12225,0.344970,12406,3860,0.453983,7815,12268,0.285981,9136,12203,0.334321,9342,12203,0.341860,13106,3390,0.479599,8885,12670,0.325136,0.501872,0.513413,1,surface_density,0.490248,1.7309,1.4500,2.0327,9412753,876449,18825506,876449,8307770,578939,16615540,578939,1672161,66941,3216643,66941,16,8161,1,10000,1000,0xD1D1D1D1D1D1D1D1,2000,603.9,618.9,S-analytic,S-probe-counterfactual,S-cpu-analysis-mirror
e2e4_2026_09_02,ca4d67f,1,san-miguel.obj,1e285ee0a46df887eacd0f7882784ac246c157a4ead01dd16b6f0460186711bd,9971513,binned_sah,32,1,bvh2/slot32_aos,robust,1,19943025,62,diffuse_1,A,11400714819323198485,1600666986228911999,1024,1024,262144,closest_improves_incumbent,oracle_sample_match,127679,19120,1863542,1883930,569539,1883930,275718,1608212,0,1444877,0.000000,0.766948,0.853647,63950,33165,7302,0.518608,33385,7285,0.522048,20159,21711,0.315231,27302,8667,0.426927,28624,8343,0.447600,22277,26801,0.348350,29348,9374,0.458921,20368,26668,0.318499,22063,26560,0.345004,22354,26560,0.349554,32085,7304,0.501720,19967,28624,0.312228,0.514126,0.522979,1,surface_density,0.522048,-0.3440,-0.5697,-0.1190,11538342,1670296,23076684,1670296,8464237,753271,16928474,753271,1863542,122846,3599405,122846,19,19127,1,10000,1000,0xD1D1D1D1D1D1D1D1,2000,1079.5,618.9,S-analytic,S-probe-counterfactual,S-cpu-analysis-mirror
e2e4_2026_09_02,ca4d67f,1,san-miguel.obj,1e285ee0a46df887eacd0f7882784ac246c157a4ead01dd16b6f0460186711bd,9971513,binned_sah,32,1,bvh2/slot32_aos,robust,1,19943025,62,diffuse_1,B,14029467366897019727,14345143039870854015,1024,1024,262144,closest_improves_incumbent,oracle_sample_match,127679,18960,1866157,1886508,571907,1886508,274215,1612293,0,1445212,0.000000,0.766078,0.854644,63230,32876,7198,0.519943,33008,7186,0.522031,19789,21448,0.312969,27011,8560,0.427186,28285,8229,0.447335,22039,26576,0.348553,28911,9279,0.457235,20061,26424,0.317270,21776,26314,0.344393,22031,26314,0.348426,31793,7197,0.502815,19503,28392,0.308445,0.515407,0.524585,1,surface_density,0.522031,-0.2088,-0.4306,0.0333,11581213,1684405,23162426,1684405,8480011,758109,16960022,758109,1866157,123358,3604635,123358,18,18962,1,10000,1000,0xD1D1D1D1D1D1D1D1,2000,848.7,618.9,S-analytic,S-probe-counterfactual,S-cpu-analysis-mirror
e2e4_2026_09_02,ca4d67f,1,san-miguel.obj,1e285ee0a46df887eacd0f7882784ac246c157a4ead01dd16b6f0460186711bd,9971513,binned_sah,32,1,bvh2/slot32_aos,robust,1,19943025,62,incoherent,A,11400714819323198485,8799890937562947332,128,128,262144,closest_improves_incumbent,oracle_sample_match,262144,170570,5632795,6362813,5746427,6362813,2901845,3460968,0,3644892,0.000000,0.572843,0.543937,670934,359896,55521,0.536410,355229,55041,0.529454,233309,182078,0.347738,284981,70860,0.424753,295428,70202,0.440323,269668,239269,0.401929,308743,75191,0.460169,255740,239530,0.381170,268381,238847,0.400011,268093,238851,0.399582,352112,55427,0.524809,228140,258563,0.340033,0.535157,0.537650,1,surface_density,0.529454,0.6956,0.6371,0.7557,50716857,11543484,101433714,11543484,13816833,2404131,27633666,2404131,5632795,663391,11003446,663391,20,170778,1,10000,1000,0xD1D1D1D1D1D1D1D1,2000,4429.0,618.9,S-analytic,S-probe-counterfactual,S-cpu-analysis-mirror
e2e4_2026_09_02,ca4d67f,1,san-miguel.obj,1e285ee0a46df887eacd0f7882784ac246c157a4ead01dd16b6f0460186711bd,9971513,binned_sah,32,1,bvh2/slot32_aos,robust,1,19943025,62,incoherent,B,14029467366897019727,13815250498764364235,128,128,262144,closest_improves_incumbent,oracle_sample_match,262144,170448,5608428,6333618,5715921,6333618,2890438,3443180,0,3633507,0.000000,0.573686,0.543636,667093,356605,55244,0.534566,352177,54758,0.527928,231317,181187,0.346754,282577,70608,0.423595,292564,69952,0.438566,268020,238180,0.401773,305987,74911,0.458687,253526,238475,0.380046,266579,237760,0.399613,266659,237763,0.399733,349418,55149,0.523792,226564,257478,0.339629,0.533349,0.535844,1,surface_density,0.527928,0.6638,0.6022,0.7246,50391287,11459776,100782574,11459776,13794661,2393491,27589322,2393491,5608428,659556,10954712,659556,22,170717,1,10000,1000,0xD1D1D1D1D1D1D1D1,2000,3439.0,618.9,S-analytic,S-probe-counterfactual,S-cpu-analysis-mirror
